,hall,floor,row,col,seat
0,OH,1F,01,07,OH_S_1F_01_07
1,OH,1F,01,08,OH_S_1F_01_08
2,OH,1F,01,09,OH_S_1F_01_09
3,OH,1F,01,10,OH_S_1F_01_10
4,OH,1F,01,11,OH_S_1F_01_11
5,OH,1F,01,12,OH_S_1F_01_12
6,OH,1F,01,13,OH_S_1F_01_13
7,OH,1F,01,14,OH_S_1F_01_14
8,OH,1F,01,15,OH_S_1F_01_15
9,OH,1F,01,16,OH_S_1F_01_16
10,OH,1F,01,17,OH_S_1F_01_17
11,OH,1F,01,18,OH_S_1F_01_18
12,OH,1F,01,19,OH_S_1F_01_19
13,OH,1F,01,20,OH_S_1F_01_20
14,OH,1F,01,21,OH_S_1F_01_21
15,OH,1F,01,22,OH_S_1F_01_22
16,OH,1F,01,23,OH_S_1F_01_23
17,OH,1F,01,24,OH_S_1F_01_24
18,OH,1F,01,25,OH_S_1F_01_25
19,OH,1F,01,26,OH_S_1F_01_26
20,OH,1F,01,27,OH_S_1F_01_27
21,OH,1F,01,28,OH_S_1F_01_28
22,OH,1F,01,29,OH_S_1F_01_29
23,OH,1F,01,30,OH_S_1F_01_30
24,OH,1F,01,31,OH_S_1F_01_31
25,OH,1F,01,32,OH_S_1F_01_32
26,OH,1F,01,33,OH_S_1F_01_33
27,OH,1F,01,34,OH_S_1F_01_34
28,OH,1F,01,35,OH_S_1F_01_35
29,OH,1F,01,36,OH_S_1F_01_36
30,OH,1F,01,37,OH_S_1F_01_37
31,OH,1F,02,05,OH_S_1F_02_05
32,OH,1F,02,06,OH_S_1F_02_06
33,OH,1F,02,07,OH_S_1F_02_07
34,OH,1F,02,08,OH_S_1F_02_08
35,OH,1F,02,09,OH_S_1F_02_09
36,OH,1F,02,10,OH_S_1F_02_10
37,OH,1F,02,11,OH_S_1F_02_11
38,OH,1F,02,12,OH_S_1F_02_12
39,OH,1F,02,13,OH_S_1F_02_13
40,OH,1F,02,14,OH_S_1F_02_14
41,OH,1F,02,15,OH_S_1F_02_15
42,OH,1F,02,16,OH_S_1F_02_16
43,OH,1F,02,17,OH_S_1F_02_17
44,OH,1F,02,18,OH_S_1F_02_18
45,OH,1F,02,19,OH_S_1F_02_19
46,OH,1F,02,20,OH_S_1F_02_20
47,OH,1F,02,21,OH_S_1F_02_21
48,OH,1F,02,22,OH_S_1F_02_22
49,OH,1F,02,23,OH_S_1F_02_23
50,OH,1F,02,24,OH_S_1F_02_24
51,OH,1F,02,25,OH_S_1F_02_25
52,OH,1F,02,26,OH_S_1F_02_26
53,OH,1F,02,27,OH_S_1F_02_27
54,OH,1F,02,28,OH_S_1F_02_28
55,OH,1F,02,29,OH_S_1F_02_29
56,OH,1F,02,30,OH_S_1F_02_30
57,OH,1F,02,31,OH_S_1F_02_31
58,OH,1F,02,32,OH_S_1F_02_32
59,OH,1F,02,33,OH_S_1F_02_33
60,OH,1F,02,34,OH_S_1F_02_34
61,OH,1F,02,35,OH_S_1F_02_35
62,OH,1F,02,36,OH_S_1F_02_36
63,OH,1F,02,37,OH_S_1F_02_37
64,OH,1F,02,38,OH_S_1F_02_38
65,OH,1F,03,04,OH_S_1F_03_04
66,OH,1F,03,05,OH_S_1F_03_05
67,OH,1F,03,06,OH_S_1F_03_06
68,OH,1F,03,07,OH_S_1F_03_07
69,OH,1F,03,08,OH_S_1F_03_08
70,OH,1F,03,09,OH_S_1F_03_09
71,OH,1F,03,10,OH_S_1F_03_10
72,OH,1F,03,11,OH_S_1F_03_11
73,OH,1F,03,12,OH_S_1F_03_12
74,OH,1F,03,13,OH_S_1F_03_13
75,OH,1F,03,14,OH_S_1F_03_14
76,OH,1F,03,15,OH_S_1F_03_15
77,OH,1F,03,16,OH_S_1F_03_16
78,OH,1F,03,17,OH_S_1F_03_17
79,OH,1F,03,18,OH_S_1F_03_18
80,OH,1F,03,19,OH_S_1F_03_19
81,OH,1F,03,20,OH_S_1F_03_20
82,OH,1F,03,21,OH_S_1F_03_21
83,OH,1F,03,22,OH_S_1F_03_22
84,OH,1F,03,23,OH_S_1F_03_23
85,OH,1F,03,24,OH_S_1F_03_24
86,OH,1F,03,25,OH_S_1F_03_25
87,OH,1F,03,26,OH_S_1F_03_26
88,OH,1F,03,27,OH_S_1F_03_27
89,OH,1F,03,28,OH_S_1F_03_28
90,OH,1F,03,29,OH_S_1F_03_29
91,OH,1F,03,30,OH_S_1F_03_30
92,OH,1F,03,31,OH_S_1F_03_31
93,OH,1F,03,32,OH_S_1F_03_32
94,OH,1F,03,33,OH_S_1F_03_33
95,OH,1F,03,34,OH_S_1F_03_34
96,OH,1F,03,35,OH_S_1F_03_35
97,OH,1F,03,36,OH_S_1F_03_36
98,OH,1F,03,37,OH_S_1F_03_37
99,OH,1F,03,38,OH_S_1F_03_38
100,OH,1F,03,39,OH_S_1F_03_39
101,OH,1F,04,03,OH_S_1F_04_03
102,OH,1F,04,04,OH_S_1F_04_04
103,OH,1F,04,05,OH_S_1F_04_05
104,OH,1F,04,06,OH_S_1F_04_06
105,OH,1F,04,07,OH_S_1F_04_07
106,OH,1F,04,08,OH_S_1F_04_08
107,OH,1F,04,09,OH_S_1F_04_09
108,OH,1F,04,10,OH_S_1F_04_10
109,OH,1F,04,11,OH_S_1F_04_11
110,OH,1F,04,12,OH_S_1F_04_12
111,OH,1F,04,13,OH_S_1F_04_13
112,OH,1F,04,14,OH_S_1F_04_14
113,OH,1F,04,15,OH_S_1F_04_15
114,OH,1F,04,16,OH_S_1F_04_16
115,OH,1F,04,17,OH_S_1F_04_17
116,OH,1F,04,18,OH_S_1F_04_18
117,OH,1F,04,19,OH_S_1F_04_19
118,OH,1F,04,20,OH_S_1F_04_20
119,OH,1F,04,21,OH_S_1F_04_21
120,OH,1F,04,22,OH_S_1F_04_22
121,OH,1F,04,23,OH_S_1F_04_23
122,OH,1F,04,24,OH_S_1F_04_24
123,OH,1F,04,25,OH_S_1F_04_25
124,OH,1F,04,26,OH_S_1F_04_26
125,OH,1F,04,27,OH_S_1F_04_27
126,OH,1F,04,28,OH_S_1F_04_28
127,OH,1F,04,29,OH_S_1F_04_29
128,OH,1F,04,30,OH_S_1F_04_30
129,OH,1F,04,31,OH_S_1F_04_31
130,OH,1F,04,32,OH_S_1F_04_32
131,OH,1F,04,33,OH_S_1F_04_33
132,OH,1F,04,34,OH_S_1F_04_34
133,OH,1F,04,35,OH_S_1F_04_35
134,OH,1F,04,36,OH_S_1F_04_36
135,OH,1F,04,37,OH_S_1F_04_37
136,OH,1F,04,38,OH_S_1F_04_38
137,OH,1F,04,39,OH_S_1F_04_39
138,OH,1F,04,40,OH_S_1F_04_40
139,OH,1F,05,03,OH_S_1F_05_03
140,OH,1F,05,04,OH_S_1F_05_04
141,OH,1F,05,05,OH_S_1F_05_05
142,OH,1F,05,06,OH_S_1F_05_06
143,OH,1F,05,07,OH_S_1F_05_07
144,OH,1F,05,08,OH_S_1F_05_08
145,OH,1F,05,09,OH_S_1F_05_09
146,OH,1F,05,10,OH_S_1F_05_10
147,OH,1F,05,11,OH_S_1F_05_11
148,OH,1F,05,12,OH_S_1F_05_12
149,OH,1F,05,13,OH_S_1F_05_13
150,OH,1F,05,14,OH_S_1F_05_14
151,OH,1F,05,15,OH_S_1F_05_15
152,OH,1F,05,16,OH_S_1F_05_16
153,OH,1F,05,17,OH_S_1F_05_17
154,OH,1F,05,18,OH_S_1F_05_18
155,OH,1F,05,19,OH_S_1F_05_19
156,OH,1F,05,20,OH_S_1F_05_20
157,OH,1F,05,21,OH_S_1F_05_21
158,OH,1F,05,22,OH_S_1F_05_22
159,OH,1F,05,23,OH_S_1F_05_23
160,OH,1F,05,24,OH_S_1F_05_24
161,OH,1F,05,25,OH_S_1F_05_25
162,OH,1F,05,26,OH_S_1F_05_26
163,OH,1F,05,27,OH_S_1F_05_27
164,OH,1F,05,28,OH_S_1F_05_28
165,OH,1F,05,29,OH_S_1F_05_29
166,OH,1F,05,30,OH_S_1F_05_30
167,OH,1F,05,31,OH_S_1F_05_31
168,OH,1F,05,32,OH_S_1F_05_32
169,OH,1F,05,33,OH_S_1F_05_33
170,OH,1F,05,34,OH_S_1F_05_34
171,OH,1F,05,35,OH_S_1F_05_35
172,OH,1F,05,36,OH_S_1F_05_36
173,OH,1F,05,37,OH_S_1F_05_37
174,OH,1F,05,38,OH_S_1F_05_38
175,OH,1F,05,39,OH_S_1F_05_39
176,OH,1F,05,40,OH_S_1F_05_40
177,OH,1F,06,02,OH_S_1F_06_02
178,OH,1F,06,03,OH_S_1F_06_03
179,OH,1F,06,04,OH_S_1F_06_04
180,OH,1F,06,05,OH_S_1F_06_05
181,OH,1F,06,06,OH_S_1F_06_06
182,OH,1F,06,07,OH_S_1F_06_07
183,OH,1F,06,08,OH_S_1F_06_08
184,OH,1F,06,09,OH_S_1F_06_09
185,OH,1F,06,10,OH_S_1F_06_10
186,OH,1F,06,11,OH_S_1F_06_11
187,OH,1F,06,12,OH_S_1F_06_12
188,OH,1F,06,13,OH_S_1F_06_13
189,OH,1F,06,14,OH_S_1F_06_14
190,OH,1F,06,15,OH_S_1F_06_15
191,OH,1F,06,16,OH_S_1F_06_16
192,OH,1F,06,17,OH_S_1F_06_17
193,OH,1F,06,18,OH_S_1F_06_18
194,OH,1F,06,19,OH_S_1F_06_19
195,OH,1F,06,20,OH_S_1F_06_20
196,OH,1F,06,21,OH_S_1F_06_21
197,OH,1F,06,22,OH_S_1F_06_22
198,OH,1F,06,23,OH_S_1F_06_23
199,OH,1F,06,24,OH_S_1F_06_24
200,OH,1F,06,25,OH_S_1F_06_25
201,OH,1F,06,26,OH_S_1F_06_26
202,OH,1F,06,27,OH_S_1F_06_27
203,OH,1F,06,28,OH_S_1F_06_28
204,OH,1F,06,29,OH_S_1F_06_29
205,OH,1F,06,30,OH_S_1F_06_30
206,OH,1F,06,31,OH_S_1F_06_31
207,OH,1F,06,32,OH_S_1F_06_32
208,OH,1F,06,33,OH_S_1F_06_33
209,OH,1F,06,34,OH_S_1F_06_34
210,OH,1F,06,35,OH_S_1F_06_35
211,OH,1F,06,36,OH_S_1F_06_36
212,OH,1F,06,37,OH_S_1F_06_37
213,OH,1F,06,38,OH_S_1F_06_38
214,OH,1F,06,39,OH_S_1F_06_39
215,OH,1F,06,40,OH_S_1F_06_40
216,OH,1F,06,41,OH_S_1F_06_41
217,OH,1F,07,02,OH_S_1F_07_02
218,OH,1F,07,03,OH_S_1F_07_03
219,OH,1F,07,04,OH_S_1F_07_04
220,OH,1F,07,05,OH_S_1F_07_05
221,OH,1F,07,06,OH_S_1F_07_06
222,OH,1F,07,07,OH_S_1F_07_07
223,OH,1F,07,08,OH_S_1F_07_08
224,OH,1F,07,09,OH_S_1F_07_09
225,OH,1F,07,10,OH_S_1F_07_10
226,OH,1F,07,11,OH_S_1F_07_11
227,OH,1F,07,12,OH_S_1F_07_12
228,OH,1F,07,13,OH_S_1F_07_13
229,OH,1F,07,14,OH_S_1F_07_14
230,OH,1F,07,15,OH_S_1F_07_15
231,OH,1F,07,16,OH_S_1F_07_16
232,OH,1F,07,17,OH_S_1F_07_17
233,OH,1F,07,18,OH_S_1F_07_18
234,OH,1F,07,19,OH_S_1F_07_19
235,OH,1F,07,20,OH_S_1F_07_20
236,OH,1F,07,21,OH_S_1F_07_21
237,OH,1F,07,22,OH_S_1F_07_22
238,OH,1F,07,23,OH_S_1F_07_23
239,OH,1F,07,24,OH_S_1F_07_24
240,OH,1F,07,25,OH_S_1F_07_25
241,OH,1F,07,26,OH_S_1F_07_26
242,OH,1F,07,27,OH_S_1F_07_27
243,OH,1F,07,28,OH_S_1F_07_28
244,OH,1F,07,29,OH_S_1F_07_29
245,OH,1F,07,30,OH_S_1F_07_30
246,OH,1F,07,31,OH_S_1F_07_31
247,OH,1F,07,32,OH_S_1F_07_32
248,OH,1F,07,33,OH_S_1F_07_33
249,OH,1F,07,34,OH_S_1F_07_34
250,OH,1F,07,35,OH_S_1F_07_35
251,OH,1F,07,36,OH_S_1F_07_36
252,OH,1F,07,37,OH_S_1F_07_37
253,OH,1F,07,38,OH_S_1F_07_38
254,OH,1F,07,39,OH_S_1F_07_39
255,OH,1F,07,40,OH_S_1F_07_40
256,OH,1F,07,41,OH_S_1F_07_41
257,OH,1F,08,02,OH_S_1F_08_02
258,OH,1F,08,03,OH_S_1F_08_03
259,OH,1F,08,04,OH_S_1F_08_04
260,OH,1F,08,05,OH_S_1F_08_05
261,OH,1F,08,06,OH_S_1F_08_06
262,OH,1F,08,07,OH_S_1F_08_07
263,OH,1F,08,08,OH_S_1F_08_08
264,OH,1F,08,09,OH_S_1F_08_09
265,OH,1F,08,10,OH_S_1F_08_10
266,OH,1F,08,11,OH_S_1F_08_11
267,OH,1F,08,12,OH_S_1F_08_12
268,OH,1F,08,13,OH_S_1F_08_13
269,OH,1F,08,14,OH_S_1F_08_14
270,OH,1F,08,15,OH_S_1F_08_15
271,OH,1F,08,16,OH_S_1F_08_16
272,OH,1F,08,17,OH_S_1F_08_17
273,OH,1F,08,18,OH_S_1F_08_18
274,OH,1F,08,19,OH_S_1F_08_19
275,OH,1F,08,20,OH_S_1F_08_20
276,OH,1F,08,21,OH_S_1F_08_21
277,OH,1F,08,22,OH_S_1F_08_22
278,OH,1F,08,23,OH_S_1F_08_23
279,OH,1F,08,24,OH_S_1F_08_24
280,OH,1F,08,25,OH_S_1F_08_25
281,OH,1F,08,26,OH_S_1F_08_26
282,OH,1F,08,27,OH_S_1F_08_27
283,OH,1F,08,28,OH_S_1F_08_28
284,OH,1F,08,29,OH_S_1F_08_29
285,OH,1F,08,30,OH_S_1F_08_30
286,OH,1F,08,31,OH_S_1F_08_31
287,OH,1F,08,32,OH_S_1F_08_32
288,OH,1F,08,33,OH_S_1F_08_33
289,OH,1F,08,34,OH_S_1F_08_34
290,OH,1F,08,35,OH_S_1F_08_35
291,OH,1F,08,36,OH_S_1F_08_36
292,OH,1F,08,37,OH_S_1F_08_37
293,OH,1F,08,38,OH_S_1F_08_38
294,OH,1F,08,39,OH_S_1F_08_39
295,OH,1F,08,40,OH_S_1F_08_40
296,OH,1F,08,41,OH_S_1F_08_41
297,OH,1F,09,02,OH_S_1F_09_02
298,OH,1F,09,03,OH_S_1F_09_03
299,OH,1F,09,04,OH_S_1F_09_04
300,OH,1F,09,05,OH_S_1F_09_05
301,OH,1F,09,06,OH_S_1F_09_06
302,OH,1F,09,07,OH_S_1F_09_07
303,OH,1F,09,08,OH_S_1F_09_08
304,OH,1F,09,09,OH_S_1F_09_09
305,OH,1F,09,10,OH_S_1F_09_10
306,OH,1F,09,11,OH_S_1F_09_11
307,OH,1F,09,12,OH_S_1F_09_12
308,OH,1F,09,13,OH_S_1F_09_13
309,OH,1F,09,14,OH_S_1F_09_14
310,OH,1F,09,15,OH_S_1F_09_15
311,OH,1F,09,16,OH_S_1F_09_16
312,OH,1F,09,17,OH_S_1F_09_17
313,OH,1F,09,18,OH_S_1F_09_18
314,OH,1F,09,19,OH_S_1F_09_19
315,OH,1F,09,20,OH_S_1F_09_20
316,OH,1F,09,21,OH_S_1F_09_21
317,OH,1F,09,22,OH_S_1F_09_22
318,OH,1F,09,23,OH_S_1F_09_23
319,OH,1F,09,24,OH_S_1F_09_24
320,OH,1F,09,25,OH_S_1F_09_25
321,OH,1F,09,26,OH_S_1F_09_26
322,OH,1F,09,27,OH_S_1F_09_27
323,OH,1F,09,28,OH_S_1F_09_28
324,OH,1F,09,29,OH_S_1F_09_29
325,OH,1F,09,30,OH_S_1F_09_30
326,OH,1F,09,31,OH_S_1F_09_31
327,OH,1F,09,32,OH_S_1F_09_32
328,OH,1F,09,33,OH_S_1F_09_33
329,OH,1F,09,34,OH_S_1F_09_34
330,OH,1F,09,35,OH_S_1F_09_35
331,OH,1F,09,36,OH_S_1F_09_36
332,OH,1F,09,37,OH_S_1F_09_37
333,OH,1F,09,38,OH_S_1F_09_38
334,OH,1F,09,39,OH_S_1F_09_39
335,OH,1F,09,40,OH_S_1F_09_40
336,OH,1F,09,41,OH_S_1F_09_41
337,OH,1F,10,02,OH_S_1F_10_02
338,OH,1F,10,03,OH_S_1F_10_03
339,OH,1F,10,04,OH_S_1F_10_04
340,OH,1F,10,05,OH_S_1F_10_05
341,OH,1F,10,06,OH_S_1F_10_06
342,OH,1F,10,07,OH_S_1F_10_07
343,OH,1F,10,08,OH_S_1F_10_08
344,OH,1F,10,09,OH_S_1F_10_09
345,OH,1F,10,10,OH_S_1F_10_10
346,OH,1F,10,11,OH_S_1F_10_11
347,OH,1F,10,12,OH_S_1F_10_12
348,OH,1F,10,13,OH_S_1F_10_13
349,OH,1F,10,14,OH_S_1F_10_14
350,OH,1F,10,15,OH_S_1F_10_15
351,OH,1F,10,16,OH_S_1F_10_16
352,OH,1F,10,17,OH_S_1F_10_17
353,OH,1F,10,18,OH_S_1F_10_18
354,OH,1F,10,19,OH_S_1F_10_19
355,OH,1F,10,20,OH_S_1F_10_20
356,OH,1F,10,21,OH_S_1F_10_21
357,OH,1F,10,22,OH_S_1F_10_22
358,OH,1F,10,23,OH_S_1F_10_23
359,OH,1F,10,24,OH_S_1F_10_24
360,OH,1F,10,25,OH_S_1F_10_25
361,OH,1F,10,26,OH_S_1F_10_26
362,OH,1F,10,27,OH_S_1F_10_27
363,OH,1F,10,28,OH_S_1F_10_28
364,OH,1F,10,29,OH_S_1F_10_29
365,OH,1F,10,30,OH_S_1F_10_30
366,OH,1F,10,31,OH_S_1F_10_31
367,OH,1F,10,32,OH_S_1F_10_32
368,OH,1F,10,33,OH_S_1F_10_33
369,OH,1F,10,34,OH_S_1F_10_34
370,OH,1F,10,35,OH_S_1F_10_35
371,OH,1F,10,36,OH_S_1F_10_36
372,OH,1F,10,37,OH_S_1F_10_37
373,OH,1F,10,38,OH_S_1F_10_38
374,OH,1F,10,39,OH_S_1F_10_39
375,OH,1F,10,40,OH_S_1F_10_40
376,OH,1F,10,41,OH_S_1F_10_41
377,OH,1F,11,02,OH_S_1F_11_02
378,OH,1F,11,03,OH_S_1F_11_03
379,OH,1F,11,04,OH_S_1F_11_04
380,OH,1F,11,05,OH_S_1F_11_05
381,OH,1F,11,06,OH_S_1F_11_06
382,OH,1F,11,07,OH_S_1F_11_07
383,OH,1F,11,08,OH_S_1F_11_08
384,OH,1F,11,09,OH_S_1F_11_09
385,OH,1F,11,10,OH_S_1F_11_10
386,OH,1F,11,11,OH_S_1F_11_11
387,OH,1F,11,12,OH_S_1F_11_12
388,OH,1F,11,13,OH_S_1F_11_13
389,OH,1F,11,14,OH_S_1F_11_14
390,OH,1F,11,15,OH_S_1F_11_15
391,OH,1F,11,16,OH_S_1F_11_16
392,OH,1F,11,17,OH_S_1F_11_17
393,OH,1F,11,18,OH_S_1F_11_18
394,OH,1F,11,19,OH_S_1F_11_19
395,OH,1F,11,20,OH_S_1F_11_20
396,OH,1F,11,21,OH_S_1F_11_21
397,OH,1F,11,22,OH_S_1F_11_22
398,OH,1F,11,23,OH_S_1F_11_23
399,OH,1F,11,24,OH_S_1F_11_24
400,OH,1F,11,25,OH_S_1F_11_25
401,OH,1F,11,26,OH_S_1F_11_26
402,OH,1F,11,27,OH_S_1F_11_27
403,OH,1F,11,28,OH_S_1F_11_28
404,OH,1F,11,29,OH_S_1F_11_29
405,OH,1F,11,30,OH_S_1F_11_30
406,OH,1F,11,31,OH_S_1F_11_31
407,OH,1F,11,32,OH_S_1F_11_32
408,OH,1F,11,33,OH_S_1F_11_33
409,OH,1F,11,34,OH_S_1F_11_34
410,OH,1F,11,35,OH_S_1F_11_35
411,OH,1F,11,36,OH_S_1F_11_36
412,OH,1F,11,37,OH_S_1F_11_37
413,OH,1F,11,38,OH_S_1F_11_38
414,OH,1F,11,39,OH_S_1F_11_39
415,OH,1F,11,40,OH_S_1F_11_40
416,OH,1F,11,41,OH_S_1F_11_41
417,OH,1F,12,02,OH_S_1F_12_02
418,OH,1F,12,03,OH_S_1F_12_03
419,OH,1F,12,04,OH_S_1F_12_04
420,OH,1F,12,05,OH_S_1F_12_05
421,OH,1F,12,06,OH_S_1F_12_06
422,OH,1F,12,07,OH_S_1F_12_07
423,OH,1F,12,08,OH_S_1F_12_08
424,OH,1F,12,09,OH_S_1F_12_09
425,OH,1F,12,10,OH_S_1F_12_10
426,OH,1F,12,11,OH_S_1F_12_11
427,OH,1F,12,12,OH_S_1F_12_12
428,OH,1F,12,13,OH_S_1F_12_13
429,OH,1F,12,14,OH_S_1F_12_14
430,OH,1F,12,15,OH_S_1F_12_15
431,OH,1F,12,16,OH_S_1F_12_16
432,OH,1F,12,17,OH_S_1F_12_17
433,OH,1F,12,18,OH_S_1F_12_18
434,OH,1F,12,19,OH_S_1F_12_19
435,OH,1F,12,20,OH_S_1F_12_20
436,OH,1F,12,21,OH_S_1F_12_21
437,OH,1F,12,22,OH_S_1F_12_22
438,OH,1F,12,23,OH_S_1F_12_23
439,OH,1F,12,24,OH_S_1F_12_24
440,OH,1F,12,25,OH_S_1F_12_25
441,OH,1F,12,26,OH_S_1F_12_26
442,OH,1F,12,27,OH_S_1F_12_27
443,OH,1F,12,28,OH_S_1F_12_28
444,OH,1F,12,29,OH_S_1F_12_29
445,OH,1F,12,30,OH_S_1F_12_30
446,OH,1F,12,31,OH_S_1F_12_31
447,OH,1F,12,32,OH_S_1F_12_32
448,OH,1F,12,33,OH_S_1F_12_33
449,OH,1F,12,34,OH_S_1F_12_34
450,OH,1F,12,35,OH_S_1F_12_35
451,OH,1F,12,36,OH_S_1F_12_36
452,OH,1F,12,37,OH_S_1F_12_37
453,OH,1F,12,38,OH_S_1F_12_38
454,OH,1F,12,39,OH_S_1F_12_39
455,OH,1F,12,40,OH_S_1F_12_40
456,OH,1F,12,41,OH_S_1F_12_41
457,OH,1F,13,02,OH_S_1F_13_02
458,OH,1F,13,03,OH_S_1F_13_03
459,OH,1F,13,04,OH_S_1F_13_04
460,OH,1F,13,05,OH_S_1F_13_05
461,OH,1F,13,06,OH_S_1F_13_06
462,OH,1F,13,07,OH_S_1F_13_07
463,OH,1F,13,08,OH_S_1F_13_08
464,OH,1F,13,09,OH_S_1F_13_09
465,OH,1F,13,10,OH_S_1F_13_10
466,OH,1F,13,11,OH_S_1F_13_11
467,OH,1F,13,12,OH_S_1F_13_12
468,OH,1F,13,13,OH_S_1F_13_13
469,OH,1F,13,14,OH_S_1F_13_14
470,OH,1F,13,15,OH_S_1F_13_15
471,OH,1F,13,16,OH_S_1F_13_16
472,OH,1F,13,17,OH_S_1F_13_17
473,OH,1F,13,18,OH_S_1F_13_18
474,OH,1F,13,19,OH_S_1F_13_19
475,OH,1F,13,20,OH_S_1F_13_20
476,OH,1F,13,21,OH_S_1F_13_21
477,OH,1F,13,22,OH_S_1F_13_22
478,OH,1F,13,23,OH_S_1F_13_23
479,OH,1F,13,24,OH_S_1F_13_24
480,OH,1F,13,25,OH_S_1F_13_25
481,OH,1F,13,26,OH_S_1F_13_26
482,OH,1F,13,27,OH_S_1F_13_27
483,OH,1F,13,28,OH_S_1F_13_28
484,OH,1F,13,29,OH_S_1F_13_29
485,OH,1F,13,30,OH_S_1F_13_30
486,OH,1F,13,31,OH_S_1F_13_31
487,OH,1F,13,32,OH_S_1F_13_32
488,OH,1F,13,33,OH_S_1F_13_33
489,OH,1F,13,34,OH_S_1F_13_34
490,OH,1F,13,35,OH_S_1F_13_35
491,OH,1F,13,36,OH_S_1F_13_36
492,OH,1F,13,37,OH_S_1F_13_37
493,OH,1F,13,38,OH_S_1F_13_38
494,OH,1F,13,39,OH_S_1F_13_39
495,OH,1F,13,40,OH_S_1F_13_40
496,OH,1F,13,41,OH_S_1F_13_41
497,OH,1F,14,02,OH_S_1F_14_02
498,OH,1F,14,03,OH_S_1F_14_03
499,OH,1F,14,04,OH_S_1F_14_04
500,OH,1F,14,05,OH_S_1F_14_05
501,OH,1F,14,06,OH_S_1F_14_06
502,OH,1F,14,07,OH_S_1F_14_07
503,OH,1F,14,08,OH_S_1F_14_08
504,OH,1F,14,09,OH_S_1F_14_09
505,OH,1F,14,10,OH_S_1F_14_10
506,OH,1F,14,11,OH_S_1F_14_11
507,OH,1F,14,12,OH_S_1F_14_12
508,OH,1F,14,13,OH_S_1F_14_13
509,OH,1F,14,14,OH_S_1F_14_14
510,OH,1F,14,15,OH_S_1F_14_15
511,OH,1F,14,16,OH_S_1F_14_16
512,OH,1F,14,17,OH_S_1F_14_17
513,OH,1F,14,18,OH_S_1F_14_18
514,OH,1F,14,19,OH_S_1F_14_19
515,OH,1F,14,20,OH_S_1F_14_20
516,OH,1F,14,21,OH_S_1F_14_21
517,OH,1F,14,22,OH_S_1F_14_22
518,OH,1F,14,23,OH_S_1F_14_23
519,OH,1F,14,24,OH_S_1F_14_24
520,OH,1F,14,25,OH_S_1F_14_25
521,OH,1F,14,26,OH_S_1F_14_26
522,OH,1F,14,27,OH_S_1F_14_27
523,OH,1F,14,28,OH_S_1F_14_28
524,OH,1F,14,29,OH_S_1F_14_29
525,OH,1F,14,30,OH_S_1F_14_30
526,OH,1F,14,31,OH_S_1F_14_31
527,OH,1F,14,32,OH_S_1F_14_32
528,OH,1F,14,33,OH_S_1F_14_33
529,OH,1F,14,34,OH_S_1F_14_34
530,OH,1F,14,35,OH_S_1F_14_35
531,OH,1F,14,36,OH_S_1F_14_36
532,OH,1F,14,37,OH_S_1F_14_37
533,OH,1F,14,38,OH_S_1F_14_38
534,OH,1F,14,39,OH_S_1F_14_39
535,OH,1F,14,40,OH_S_1F_14_40
536,OH,1F,14,41,OH_S_1F_14_41
537,OH,1F,15,02,OH_S_1F_15_02
538,OH,1F,15,03,OH_S_1F_15_03
539,OH,1F,15,04,OH_S_1F_15_04
540,OH,1F,15,05,OH_S_1F_15_05
541,OH,1F,15,06,OH_S_1F_15_06
542,OH,1F,15,07,OH_S_1F_15_07
543,OH,1F,15,08,OH_S_1F_15_08
544,OH,1F,15,09,OH_S_1F_15_09
545,OH,1F,15,10,OH_S_1F_15_10
546,OH,1F,15,11,OH_S_1F_15_11
547,OH,1F,15,12,OH_S_1F_15_12
548,OH,1F,15,13,OH_S_1F_15_13
549,OH,1F,15,14,OH_S_1F_15_14
550,OH,1F,15,15,OH_S_1F_15_15
551,OH,1F,15,16,OH_S_1F_15_16
552,OH,1F,15,17,OH_S_1F_15_17
553,OH,1F,15,18,OH_S_1F_15_18
554,OH,1F,15,19,OH_S_1F_15_19
555,OH,1F,15,20,OH_S_1F_15_20
556,OH,1F,15,21,OH_S_1F_15_21
557,OH,1F,15,22,OH_S_1F_15_22
558,OH,1F,15,23,OH_S_1F_15_23
559,OH,1F,15,24,OH_S_1F_15_24
560,OH,1F,15,25,OH_S_1F_15_25
561,OH,1F,15,26,OH_S_1F_15_26
562,OH,1F,15,27,OH_S_1F_15_27
563,OH,1F,15,28,OH_S_1F_15_28
564,OH,1F,15,29,OH_S_1F_15_29
565,OH,1F,15,30,OH_S_1F_15_30
566,OH,1F,15,31,OH_S_1F_15_31
567,OH,1F,15,32,OH_S_1F_15_32
568,OH,1F,15,33,OH_S_1F_15_33
569,OH,1F,15,34,OH_S_1F_15_34
570,OH,1F,15,35,OH_S_1F_15_35
571,OH,1F,15,36,OH_S_1F_15_36
572,OH,1F,15,37,OH_S_1F_15_37
573,OH,1F,15,38,OH_S_1F_15_38
574,OH,1F,15,39,OH_S_1F_15_39
575,OH,1F,15,40,OH_S_1F_15_40
576,OH,1F,15,41,OH_S_1F_15_41
577,OH,1F,16,01,OH_S_1F_16_01
578,OH,1F,16,02,OH_S_1F_16_02
579,OH,1F,16,03,OH_S_1F_16_03
580,OH,1F,16,04,OH_S_1F_16_04
581,OH,1F,16,05,OH_S_1F_16_05
582,OH,1F,16,06,OH_S_1F_16_06
583,OH,1F,16,07,OH_S_1F_16_07
584,OH,1F,16,08,OH_S_1F_16_08
585,OH,1F,16,09,OH_S_1F_16_09
586,OH,1F,16,10,OH_S_1F_16_10
587,OH,1F,16,11,OH_S_1F_16_11
588,OH,1F,16,12,OH_S_1F_16_12
589,OH,1F,16,13,OH_S_1F_16_13
590,OH,1F,16,14,OH_S_1F_16_14
591,OH,1F,16,15,OH_S_1F_16_15
592,OH,1F,16,16,OH_S_1F_16_16
593,OH,1F,16,17,OH_S_1F_16_17
594,OH,1F,16,18,OH_S_1F_16_18
595,OH,1F,16,19,OH_S_1F_16_19
596,OH,1F,16,20,OH_S_1F_16_20
597,OH,1F,16,21,OH_S_1F_16_21
598,OH,1F,16,22,OH_S_1F_16_22
599,OH,1F,16,23,OH_S_1F_16_23
600,OH,1F,16,24,OH_S_1F_16_24
601,OH,1F,16,25,OH_S_1F_16_25
602,OH,1F,16,26,OH_S_1F_16_26
603,OH,1F,16,27,OH_S_1F_16_27
604,OH,1F,16,28,OH_S_1F_16_28
605,OH,1F,16,29,OH_S_1F_16_29
606,OH,1F,16,30,OH_S_1F_16_30
607,OH,1F,16,31,OH_S_1F_16_31
608,OH,1F,16,32,OH_S_1F_16_32
609,OH,1F,16,33,OH_S_1F_16_33
610,OH,1F,16,34,OH_S_1F_16_34
611,OH,1F,16,35,OH_S_1F_16_35
612,OH,1F,16,36,OH_S_1F_16_36
613,OH,1F,16,37,OH_S_1F_16_37
614,OH,1F,16,38,OH_S_1F_16_38
615,OH,1F,16,39,OH_S_1F_16_39
616,OH,1F,16,40,OH_S_1F_16_40
617,OH,1F,16,41,OH_S_1F_16_41
618,OH,1F,16,42,OH_S_1F_16_42
619,OH,1F,17,01,OH_S_1F_17_01
620,OH,1F,17,02,OH_S_1F_17_02
621,OH,1F,17,03,OH_S_1F_17_03
622,OH,1F,17,04,OH_S_1F_17_04
623,OH,1F,17,05,OH_S_1F_17_05
624,OH,1F,17,06,OH_S_1F_17_06
625,OH,1F,17,07,OH_S_1F_17_07
626,OH,1F,17,08,OH_S_1F_17_08
627,OH,1F,17,09,OH_S_1F_17_09
628,OH,1F,17,10,OH_S_1F_17_10
629,OH,1F,17,11,OH_S_1F_17_11
630,OH,1F,17,12,OH_S_1F_17_12
631,OH,1F,17,13,OH_S_1F_17_13
632,OH,1F,17,14,OH_S_1F_17_14
633,OH,1F,17,15,OH_S_1F_17_15
634,OH,1F,17,16,OH_S_1F_17_16
635,OH,1F,17,17,OH_S_1F_17_17
636,OH,1F,17,18,OH_S_1F_17_18
637,OH,1F,17,19,OH_S_1F_17_19
638,OH,1F,17,20,OH_S_1F_17_20
639,OH,1F,17,21,OH_S_1F_17_21
640,OH,1F,17,22,OH_S_1F_17_22
641,OH,1F,17,23,OH_S_1F_17_23
642,OH,1F,17,24,OH_S_1F_17_24
643,OH,1F,17,25,OH_S_1F_17_25
644,OH,1F,17,26,OH_S_1F_17_26
645,OH,1F,17,27,OH_S_1F_17_27
646,OH,1F,17,28,OH_S_1F_17_28
647,OH,1F,17,29,OH_S_1F_17_29
648,OH,1F,17,30,OH_S_1F_17_30
649,OH,1F,17,31,OH_S_1F_17_31
650,OH,1F,17,32,OH_S_1F_17_32
651,OH,1F,17,33,OH_S_1F_17_33
652,OH,1F,17,34,OH_S_1F_17_34
653,OH,1F,17,35,OH_S_1F_17_35
654,OH,1F,17,36,OH_S_1F_17_36
655,OH,1F,17,37,OH_S_1F_17_37
656,OH,1F,17,38,OH_S_1F_17_38
657,OH,1F,17,39,OH_S_1F_17_39
658,OH,1F,17,40,OH_S_1F_17_40
659,OH,1F,17,41,OH_S_1F_17_41
660,OH,1F,17,42,OH_S_1F_17_42
661,OH,1F,18,01,OH_S_1F_18_01
662,OH,1F,18,02,OH_S_1F_18_02
663,OH,1F,18,03,OH_S_1F_18_03
664,OH,1F,18,04,OH_S_1F_18_04
665,OH,1F,18,05,OH_S_1F_18_05
666,OH,1F,18,06,OH_S_1F_18_06
667,OH,1F,18,07,OH_S_1F_18_07
668,OH,1F,18,08,OH_S_1F_18_08
669,OH,1F,18,09,OH_S_1F_18_09
670,OH,1F,18,10,OH_S_1F_18_10
671,OH,1F,18,11,OH_S_1F_18_11
672,OH,1F,18,12,OH_S_1F_18_12
673,OH,1F,18,13,OH_S_1F_18_13
674,OH,1F,18,14,OH_S_1F_18_14
675,OH,1F,18,15,OH_S_1F_18_15
676,OH,1F,18,16,OH_S_1F_18_16
677,OH,1F,18,17,OH_S_1F_18_17
678,OH,1F,18,18,OH_S_1F_18_18
679,OH,1F,18,19,OH_S_1F_18_19
680,OH,1F,18,20,OH_S_1F_18_20
681,OH,1F,18,21,OH_S_1F_18_21
682,OH,1F,18,22,OH_S_1F_18_22
683,OH,1F,18,23,OH_S_1F_18_23
684,OH,1F,18,24,OH_S_1F_18_24
685,OH,1F,18,25,OH_S_1F_18_25
686,OH,1F,18,26,OH_S_1F_18_26
687,OH,1F,18,27,OH_S_1F_18_27
688,OH,1F,18,28,OH_S_1F_18_28
689,OH,1F,18,29,OH_S_1F_18_29
690,OH,1F,18,30,OH_S_1F_18_30
691,OH,1F,18,31,OH_S_1F_18_31
692,OH,1F,18,32,OH_S_1F_18_32
693,OH,1F,18,33,OH_S_1F_18_33
694,OH,1F,18,34,OH_S_1F_18_34
695,OH,1F,18,35,OH_S_1F_18_35
696,OH,1F,18,36,OH_S_1F_18_36
697,OH,1F,18,37,OH_S_1F_18_37
698,OH,1F,18,38,OH_S_1F_18_38
699,OH,1F,18,39,OH_S_1F_18_39
700,OH,1F,18,40,OH_S_1F_18_40
701,OH,1F,18,41,OH_S_1F_18_41
702,OH,1F,18,42,OH_S_1F_18_42
703,OH,1F,19,01,OH_S_1F_19_01
704,OH,1F,19,02,OH_S_1F_19_02
705,OH,1F,19,03,OH_S_1F_19_03
706,OH,1F,19,04,OH_S_1F_19_04
707,OH,1F,19,05,OH_S_1F_19_05
708,OH,1F,19,06,OH_S_1F_19_06
709,OH,1F,19,07,OH_S_1F_19_07
710,OH,1F,19,08,OH_S_1F_19_08
711,OH,1F,19,09,OH_S_1F_19_09
712,OH,1F,19,10,OH_S_1F_19_10
713,OH,1F,19,11,OH_S_1F_19_11
714,OH,1F,19,12,OH_S_1F_19_12
715,OH,1F,19,13,OH_S_1F_19_13
716,OH,1F,19,14,OH_S_1F_19_14
717,OH,1F,19,15,OH_S_1F_19_15
718,OH,1F,19,16,OH_S_1F_19_16
719,OH,1F,19,17,OH_S_1F_19_17
720,OH,1F,19,18,OH_S_1F_19_18
721,OH,1F,19,19,OH_S_1F_19_19
722,OH,1F,19,20,OH_S_1F_19_20
723,OH,1F,19,21,OH_S_1F_19_21
724,OH,1F,19,22,OH_S_1F_19_22
725,OH,1F,19,23,OH_S_1F_19_23
726,OH,1F,19,24,OH_S_1F_19_24
727,OH,1F,19,25,OH_S_1F_19_25
728,OH,1F,19,26,OH_S_1F_19_26
729,OH,1F,19,27,OH_S_1F_19_27
730,OH,1F,19,28,OH_S_1F_19_28
731,OH,1F,19,29,OH_S_1F_19_29
732,OH,1F,19,30,OH_S_1F_19_30
733,OH,1F,19,31,OH_S_1F_19_31
734,OH,1F,19,32,OH_S_1F_19_32
735,OH,1F,19,33,OH_S_1F_19_33
736,OH,1F,19,34,OH_S_1F_19_34
737,OH,1F,19,35,OH_S_1F_19_35
738,OH,1F,19,36,OH_S_1F_19_36
739,OH,1F,19,37,OH_S_1F_19_37
740,OH,1F,19,38,OH_S_1F_19_38
741,OH,1F,19,39,OH_S_1F_19_39
742,OH,1F,19,40,OH_S_1F_19_40
743,OH,1F,19,41,OH_S_1F_19_41
744,OH,1F,19,42,OH_S_1F_19_42
745,OH,1F,20,01,OH_S_1F_20_01
746,OH,1F,20,02,OH_S_1F_20_02
747,OH,1F,20,03,OH_S_1F_20_03
748,OH,1F,20,04,OH_S_1F_20_04
749,OH,1F,20,05,OH_S_1F_20_05
750,OH,1F,20,06,OH_S_1F_20_06
751,OH,1F,20,07,OH_S_1F_20_07
752,OH,1F,20,08,OH_S_1F_20_08
753,OH,1F,20,09,OH_S_1F_20_09
754,OH,1F,20,10,OH_S_1F_20_10
755,OH,1F,20,11,OH_S_1F_20_11
756,OH,1F,20,12,OH_S_1F_20_12
757,OH,1F,20,13,OH_S_1F_20_13
758,OH,1F,20,14,OH_S_1F_20_14
759,OH,1F,20,15,OH_S_1F_20_15
760,OH,1F,20,16,OH_S_1F_20_16
761,OH,1F,20,17,OH_S_1F_20_17
762,OH,1F,20,18,OH_S_1F_20_18
763,OH,1F,20,19,OH_S_1F_20_19
764,OH,1F,20,20,OH_S_1F_20_20
765,OH,1F,20,21,OH_S_1F_20_21
766,OH,1F,20,22,OH_S_1F_20_22
767,OH,1F,20,23,OH_S_1F_20_23
768,OH,1F,20,24,OH_S_1F_20_24
769,OH,1F,20,25,OH_S_1F_20_25
770,OH,1F,20,26,OH_S_1F_20_26
771,OH,1F,20,27,OH_S_1F_20_27
772,OH,1F,20,28,OH_S_1F_20_28
773,OH,1F,20,29,OH_S_1F_20_29
774,OH,1F,20,30,OH_S_1F_20_30
775,OH,1F,20,31,OH_S_1F_20_31
776,OH,1F,20,32,OH_S_1F_20_32
777,OH,1F,20,33,OH_S_1F_20_33
778,OH,1F,20,34,OH_S_1F_20_34
779,OH,1F,20,35,OH_S_1F_20_35
780,OH,1F,20,36,OH_S_1F_20_36
781,OH,1F,20,37,OH_S_1F_20_37
782,OH,1F,20,38,OH_S_1F_20_38
783,OH,1F,20,39,OH_S_1F_20_39
784,OH,1F,20,40,OH_S_1F_20_40
785,OH,1F,20,41,OH_S_1F_20_41
786,OH,1F,20,42,OH_S_1F_20_42
787,OH,1F,21,01,OH_S_1F_21_01
788,OH,1F,21,02,OH_S_1F_21_02
789,OH,1F,21,03,OH_S_1F_21_03
790,OH,1F,21,04,OH_S_1F_21_04
791,OH,1F,21,05,OH_S_1F_21_05
792,OH,1F,21,06,OH_S_1F_21_06
793,OH,1F,21,07,OH_S_1F_21_07
794,OH,1F,21,08,OH_S_1F_21_08
795,OH,1F,21,09,OH_S_1F_21_09
796,OH,1F,21,10,OH_S_1F_21_10
797,OH,1F,21,11,OH_S_1F_21_11
798,OH,1F,21,12,OH_S_1F_21_12
799,OH,1F,21,13,OH_S_1F_21_13
800,OH,1F,21,14,OH_S_1F_21_14
801,OH,1F,21,15,OH_S_1F_21_15
802,OH,1F,21,16,OH_S_1F_21_16
803,OH,1F,21,17,OH_S_1F_21_17
804,OH,1F,21,18,OH_S_1F_21_18
805,OH,1F,21,19,OH_S_1F_21_19
806,OH,1F,21,20,OH_S_1F_21_20
807,OH,1F,21,21,OH_S_1F_21_21
808,OH,1F,21,22,OH_S_1F_21_22
809,OH,1F,21,23,OH_S_1F_21_23
810,OH,1F,21,24,OH_S_1F_21_24
811,OH,1F,21,25,OH_S_1F_21_25
812,OH,1F,21,26,OH_S_1F_21_26
813,OH,1F,21,27,OH_S_1F_21_27
814,OH,1F,21,28,OH_S_1F_21_28
815,OH,1F,21,29,OH_S_1F_21_29
816,OH,1F,21,30,OH_S_1F_21_30
817,OH,1F,21,31,OH_S_1F_21_31
818,OH,1F,21,32,OH_S_1F_21_32
819,OH,1F,21,33,OH_S_1F_21_33
820,OH,1F,21,34,OH_S_1F_21_34
821,OH,1F,21,35,OH_S_1F_21_35
822,OH,1F,21,36,OH_S_1F_21_36
823,OH,1F,21,37,OH_S_1F_21_37
824,OH,1F,21,38,OH_S_1F_21_38
825,OH,1F,21,39,OH_S_1F_21_39
826,OH,1F,21,40,OH_S_1F_21_40
827,OH,1F,21,41,OH_S_1F_21_41
828,OH,1F,21,42,OH_S_1F_21_42
829,OH,1F,22,03,OH_S_1F_22_03
830,OH,1F,22,04,OH_S_1F_22_04
831,OH,1F,22,05,OH_S_1F_22_05
832,OH,1F,22,06,OH_S_1F_22_06
833,OH,1F,22,07,OH_S_1F_22_07
834,OH,1F,22,08,OH_S_1F_22_08
835,OH,1F,22,09,OH_S_1F_22_09
836,OH,1F,22,10,OH_S_1F_22_10
837,OH,1F,22,11,OH_S_1F_22_11
838,OH,1F,22,12,OH_S_1F_22_12
839,OH,1F,22,13,OH_S_1F_22_13
840,OH,1F,22,14,OH_S_1F_22_14
841,OH,1F,22,15,OH_S_1F_22_15
842,OH,1F,22,16,OH_S_1F_22_16
843,OH,1F,22,17,OH_S_1F_22_17
844,OH,1F,22,18,OH_S_1F_22_18
845,OH,1F,22,19,OH_S_1F_22_19
846,OH,1F,22,20,OH_S_1F_22_20
847,OH,1F,22,21,OH_S_1F_22_21
848,OH,1F,22,22,OH_S_1F_22_22
849,OH,1F,22,23,OH_S_1F_22_23
850,OH,1F,22,24,OH_S_1F_22_24
851,OH,1F,22,25,OH_S_1F_22_25
852,OH,1F,22,26,OH_S_1F_22_26
853,OH,1F,22,27,OH_S_1F_22_27
854,OH,1F,22,28,OH_S_1F_22_28
855,OH,1F,22,29,OH_S_1F_22_29
856,OH,1F,22,30,OH_S_1F_22_30
857,OH,1F,22,31,OH_S_1F_22_31
858,OH,1F,22,32,OH_S_1F_22_32
859,OH,1F,22,33,OH_S_1F_22_33
860,OH,1F,22,34,OH_S_1F_22_34
861,OH,1F,22,35,OH_S_1F_22_35
862,OH,1F,22,36,OH_S_1F_22_36
863,OH,1F,22,37,OH_S_1F_22_37
864,OH,1F,22,38,OH_S_1F_22_38
865,OH,1F,22,39,OH_S_1F_22_39
866,OH,1F,22,40,OH_S_1F_22_40
867,OH,2F,L1,01,OH_S_2F_L1_01
868,OH,2F,L1,02,OH_S_2F_L1_02
869,OH,2F,L1,03,OH_S_2F_L1_03
870,OH,2F,L1,04,OH_S_2F_L1_04
871,OH,2F,L1,05,OH_S_2F_L1_05
872,OH,2F,L1,06,OH_S_2F_L1_06
873,OH,2F,L1,07,OH_S_2F_L1_07
874,OH,2F,L1,08,OH_S_2F_L1_08
875,OH,2F,L1,09,OH_S_2F_L1_09
876,OH,2F,L1,10,OH_S_2F_L1_10
877,OH,2F,L1,11,OH_S_2F_L1_11
878,OH,2F,L2,04,OH_S_2F_L2_04
879,OH,2F,L2,05,OH_S_2F_L2_05
880,OH,2F,L3,03,OH_S_2F_L3_03
881,OH,2F,L3,04,OH_S_2F_L3_04
882,OH,2F,L3,05,OH_S_2F_L3_05
883,OH,2F,L4,03,OH_S_2F_L4_03
884,OH,2F,L4,04,OH_S_2F_L4_04
885,OH,2F,L4,05,OH_S_2F_L4_05
886,OH,2F,L5,02,OH_S_2F_L5_02
887,OH,2F,L5,03,OH_S_2F_L5_03
888,OH,2F,L5,04,OH_S_2F_L5_04
889,OH,2F,L5,05,OH_S_2F_L5_05
890,OH,2F,L6,02,OH_S_2F_L6_02
891,OH,2F,L6,03,OH_S_2F_L6_03
892,OH,2F,L6,04,OH_S_2F_L6_04
893,OH,2F,L6,05,OH_S_2F_L6_05
894,OH,2F,L7,01,OH_S_2F_L7_01
895,OH,2F,L7,02,OH_S_2F_L7_02
896,OH,2F,L7,03,OH_S_2F_L7_03
897,OH,2F,L7,04,OH_S_2F_L7_04
898,OH,2F,L7,05,OH_S_2F_L7_05
899,OH,2F,L8,01,OH_S_2F_L8_01
900,OH,2F,L8,02,OH_S_2F_L8_02
901,OH,2F,L8,03,OH_S_2F_L8_03
902,OH,2F,L8,04,OH_S_2F_L8_04
903,OH,2F,L8,05,OH_S_2F_L8_05
904,OH,2F,L9,01,OH_S_2F_L9_01
905,OH,2F,L9,02,OH_S_2F_L9_02
906,OH,2F,L9,03,OH_S_2F_L9_03
907,OH,2F,L9,04,OH_S_2F_L9_04
908,OH,2F,L9,05,OH_S_2F_L9_05
909,OH,2F,L10,01,OH_S_2F_L10_01
910,OH,2F,L10,02,OH_S_2F_L10_02
911,OH,2F,L10,03,OH_S_2F_L10_03
912,OH,2F,L10,04,OH_S_2F_L10_04
913,OH,2F,L10,05,OH_S_2F_L10_05
914,OH,2F,L11,01,OH_S_2F_L11_01
915,OH,2F,L11,02,OH_S_2F_L11_02
916,OH,2F,L11,03,OH_S_2F_L11_03
917,OH,2F,L11,04,OH_S_2F_L11_04
918,OH,2F,L11,05,OH_S_2F_L11_05
919,OH,2F,L12,01,OH_S_2F_L12_01
920,OH,2F,L12,02,OH_S_2F_L12_02
921,OH,2F,L12,03,OH_S_2F_L12_03
922,OH,2F,L12,04,OH_S_2F_L12_04
923,OH,2F,L12,05,OH_S_2F_L12_05
924,OH,2F,R1,01,OH_S_2F_R1_01
925,OH,2F,R1,02,OH_S_2F_R1_02
926,OH,2F,R1,03,OH_S_2F_R1_03
927,OH,2F,R1,04,OH_S_2F_R1_04
928,OH,2F,R1,05,OH_S_2F_R1_05
929,OH,2F,R1,06,OH_S_2F_R1_06
930,OH,2F,R1,07,OH_S_2F_R1_07
931,OH,2F,R1,08,OH_S_2F_R1_08
932,OH,2F,R1,09,OH_S_2F_R1_09
933,OH,2F,R1,10,OH_S_2F_R1_10
934,OH,2F,R1,11,OH_S_2F_R1_11
935,OH,2F,R2,01,OH_S_2F_R2_01
936,OH,2F,R2,02,OH_S_2F_R2_02
937,OH,2F,R3,01,OH_S_2F_R3_01
938,OH,2F,R3,02,OH_S_2F_R3_02
939,OH,2F,R3,03,OH_S_2F_R3_03
940,OH,2F,R4,01,OH_S_2F_R4_01
941,OH,2F,R4,02,OH_S_2F_R4_02
942,OH,2F,R4,03,OH_S_2F_R4_03
943,OH,2F,R5,01,OH_S_2F_R5_01
944,OH,2F,R5,02,OH_S_2F_R5_02
945,OH,2F,R5,03,OH_S_2F_R5_03
946,OH,2F,R5,04,OH_S_2F_R5_04
947,OH,2F,R6,01,OH_S_2F_R6_01
948,OH,2F,R6,02,OH_S_2F_R6_02
949,OH,2F,R6,03,OH_S_2F_R6_03
950,OH,2F,R6,04,OH_S_2F_R6_04
951,OH,2F,R7,01,OH_S_2F_R7_01
952,OH,2F,R7,02,OH_S_2F_R7_02
953,OH,2F,R7,03,OH_S_2F_R7_03
954,OH,2F,R7,04,OH_S_2F_R7_04
955,OH,2F,R7,05,OH_S_2F_R7_05
956,OH,2F,R8,01,OH_S_2F_R8_01
957,OH,2F,R8,02,OH_S_2F_R8_02
958,OH,2F,R8,03,OH_S_2F_R8_03
959,OH,2F,R8,04,OH_S_2F_R8_04
960,OH,2F,R8,05,OH_S_2F_R8_05
961,OH,2F,R9,01,OH_S_2F_R9_01
962,OH,2F,R9,02,OH_S_2F_R9_02
963,OH,2F,R9,03,OH_S_2F_R9_03
964,OH,2F,R9,04,OH_S_2F_R9_04
965,OH,2F,R9,05,OH_S_2F_R9_05
966,OH,2F,R10,01,OH_S_2F_R10_01
967,OH,2F,R10,02,OH_S_2F_R10_02
968,OH,2F,R10,03,OH_S_2F_R10_03
969,OH,2F,R10,04,OH_S_2F_R10_04
970,OH,2F,R10,05,OH_S_2F_R10_05
971,OH,2F,R11,01,OH_S_2F_R11_01
972,OH,2F,R11,02,OH_S_2F_R11_02
973,OH,2F,R11,03,OH_S_2F_R11_03
974,OH,2F,R11,04,OH_S_2F_R11_04
975,OH,2F,R11,05,OH_S_2F_R11_05
976,OH,2F,R12,01,OH_S_2F_R12_01
977,OH,2F,R12,02,OH_S_2F_R12_02
978,OH,2F,R12,03,OH_S_2F_R12_03
979,OH,2F,R12,04,OH_S_2F_R12_04
980,OH,2F,R12,05,OH_S_2F_R12_05
981,OH,2F,01,01,OH_S_2F_01_01
982,OH,2F,01,02,OH_S_2F_01_02
983,OH,2F,01,03,OH_S_2F_01_03
984,OH,2F,01,04,OH_S_2F_01_04
985,OH,2F,01,05,OH_S_2F_01_05
986,OH,2F,01,06,OH_S_2F_01_06
987,OH,2F,01,07,OH_S_2F_01_07
988,OH,2F,01,08,OH_S_2F_01_08
989,OH,2F,01,09,OH_S_2F_01_09
990,OH,2F,01,10,OH_S_2F_01_10
991,OH,2F,01,11,OH_S_2F_01_11
992,OH,2F,01,12,OH_S_2F_01_12
993,OH,2F,01,13,OH_S_2F_01_13
994,OH,2F,01,14,OH_S_2F_01_14
995,OH,2F,01,15,OH_S_2F_01_15
996,OH,2F,01,16,OH_S_2F_01_16
997,OH,2F,01,17,OH_S_2F_01_17
998,OH,2F,01,18,OH_S_2F_01_18
999,OH,2F,01,19,OH_S_2F_01_19
1000,OH,2F,01,20,OH_S_2F_01_20
1001,OH,2F,01,21,OH_S_2F_01_21
1002,OH,2F,01,22,OH_S_2F_01_22
1003,OH,2F,01,23,OH_S_2F_01_23
1004,OH,2F,01,24,OH_S_2F_01_24
1005,OH,2F,01,25,OH_S_2F_01_25
1006,OH,2F,01,26,OH_S_2F_01_26
1007,OH,2F,01,27,OH_S_2F_01_27
1008,OH,2F,01,28,OH_S_2F_01_28
1009,OH,2F,01,29,OH_S_2F_01_29
1010,OH,2F,01,30,OH_S_2F_01_30
1011,OH,2F,01,31,OH_S_2F_01_31
1012,OH,2F,01,32,OH_S_2F_01_32
1013,OH,2F,01,33,OH_S_2F_01_33
1014,OH,2F,01,34,OH_S_2F_01_34
1015,OH,2F,01,35,OH_S_2F_01_35
1016,OH,2F,01,36,OH_S_2F_01_36
1017,OH,2F,01,37,OH_S_2F_01_37
1018,OH,2F,01,38,OH_S_2F_01_38
1019,OH,2F,01,39,OH_S_2F_01_39
1020,OH,2F,01,40,OH_S_2F_01_40
1021,OH,2F,01,41,OH_S_2F_01_41
1022,OH,2F,01,42,OH_S_2F_01_42
1023,OH,2F,01,43,OH_S_2F_01_43
1024,OH,2F,01,44,OH_S_2F_01_44
1025,OH,2F,01,45,OH_S_2F_01_45
1026,OH,2F,01,46,OH_S_2F_01_46
1027,OH,2F,01,47,OH_S_2F_01_47
1028,OH,2F,01,48,OH_S_2F_01_48
1029,OH,2F,02,01,OH_S_2F_02_01
1030,OH,2F,02,02,OH_S_2F_02_02
1031,OH,2F,02,03,OH_S_2F_02_03
1032,OH,2F,02,04,OH_S_2F_02_04
1033,OH,2F,02,05,OH_S_2F_02_05
1034,OH,2F,02,06,OH_S_2F_02_06
1035,OH,2F,02,07,OH_S_2F_02_07
1036,OH,2F,02,08,OH_S_2F_02_08
1037,OH,2F,02,09,OH_S_2F_02_09
1038,OH,2F,02,10,OH_S_2F_02_10
1039,OH,2F,02,11,OH_S_2F_02_11
1040,OH,2F,02,12,OH_S_2F_02_12
1041,OH,2F,02,13,OH_S_2F_02_13
1042,OH,2F,02,14,OH_S_2F_02_14
1043,OH,2F,02,15,OH_S_2F_02_15
1044,OH,2F,02,16,OH_S_2F_02_16
1045,OH,2F,02,17,OH_S_2F_02_17
1046,OH,2F,02,18,OH_S_2F_02_18
1047,OH,2F,02,19,OH_S_2F_02_19
1048,OH,2F,02,20,OH_S_2F_02_20
1049,OH,2F,02,21,OH_S_2F_02_21
1050,OH,2F,02,22,OH_S_2F_02_22
1051,OH,2F,02,23,OH_S_2F_02_23
1052,OH,2F,02,24,OH_S_2F_02_24
1053,OH,2F,02,25,OH_S_2F_02_25
1054,OH,2F,02,26,OH_S_2F_02_26
1055,OH,2F,02,27,OH_S_2F_02_27
1056,OH,2F,02,28,OH_S_2F_02_28
1057,OH,2F,02,29,OH_S_2F_02_29
1058,OH,2F,02,30,OH_S_2F_02_30
1059,OH,2F,02,31,OH_S_2F_02_31
1060,OH,2F,02,32,OH_S_2F_02_32
1061,OH,2F,02,33,OH_S_2F_02_33
1062,OH,2F,02,34,OH_S_2F_02_34
1063,OH,2F,02,35,OH_S_2F_02_35
1064,OH,2F,02,36,OH_S_2F_02_36
1065,OH,2F,02,37,OH_S_2F_02_37
1066,OH,2F,02,38,OH_S_2F_02_38
1067,OH,2F,02,39,OH_S_2F_02_39
1068,OH,2F,02,40,OH_S_2F_02_40
1069,OH,2F,02,41,OH_S_2F_02_41
1070,OH,2F,02,42,OH_S_2F_02_42
1071,OH,2F,02,43,OH_S_2F_02_43
1072,OH,2F,02,44,OH_S_2F_02_44
1073,OH,2F,02,45,OH_S_2F_02_45
1074,OH,2F,02,46,OH_S_2F_02_46
1075,OH,2F,02,47,OH_S_2F_02_47
1076,OH,2F,02,48,OH_S_2F_02_48
1077,OH,2F,03,01,OH_S_2F_03_01
1078,OH,2F,03,02,OH_S_2F_03_02
1079,OH,2F,03,03,OH_S_2F_03_03
1080,OH,2F,03,04,OH_S_2F_03_04
1081,OH,2F,03,05,OH_S_2F_03_05
1082,OH,2F,03,06,OH_S_2F_03_06
1083,OH,2F,03,07,OH_S_2F_03_07
1084,OH,2F,03,08,OH_S_2F_03_08
1085,OH,2F,03,09,OH_S_2F_03_09
1086,OH,2F,03,10,OH_S_2F_03_10
1087,OH,2F,03,11,OH_S_2F_03_11
1088,OH,2F,03,12,OH_S_2F_03_12
1089,OH,2F,03,13,OH_S_2F_03_13
1090,OH,2F,03,14,OH_S_2F_03_14
1091,OH,2F,03,15,OH_S_2F_03_15
1092,OH,2F,03,16,OH_S_2F_03_16
1093,OH,2F,03,17,OH_S_2F_03_17
1094,OH,2F,03,18,OH_S_2F_03_18
1095,OH,2F,03,19,OH_S_2F_03_19
1096,OH,2F,03,20,OH_S_2F_03_20
1097,OH,2F,03,21,OH_S_2F_03_21
1098,OH,2F,03,22,OH_S_2F_03_22
1099,OH,2F,03,23,OH_S_2F_03_23
1100,OH,2F,03,24,OH_S_2F_03_24
1101,OH,2F,03,25,OH_S_2F_03_25
1102,OH,2F,03,26,OH_S_2F_03_26
1103,OH,2F,03,27,OH_S_2F_03_27
1104,OH,2F,03,28,OH_S_2F_03_28
1105,OH,2F,03,29,OH_S_2F_03_29
1106,OH,2F,03,30,OH_S_2F_03_30
1107,OH,2F,03,31,OH_S_2F_03_31
1108,OH,2F,03,32,OH_S_2F_03_32
1109,OH,2F,03,33,OH_S_2F_03_33
1110,OH,2F,03,34,OH_S_2F_03_34
1111,OH,2F,03,35,OH_S_2F_03_35
1112,OH,2F,03,36,OH_S_2F_03_36
1113,OH,2F,03,37,OH_S_2F_03_37
1114,OH,2F,03,38,OH_S_2F_03_38
1115,OH,2F,03,39,OH_S_2F_03_39
1116,OH,2F,03,40,OH_S_2F_03_40
1117,OH,2F,03,41,OH_S_2F_03_41
1118,OH,2F,03,42,OH_S_2F_03_42
1119,OH,2F,03,43,OH_S_2F_03_43
1120,OH,2F,03,44,OH_S_2F_03_44
1121,OH,2F,03,45,OH_S_2F_03_45
1122,OH,2F,03,46,OH_S_2F_03_46
1123,OH,2F,03,47,OH_S_2F_03_47
1124,OH,2F,03,48,OH_S_2F_03_48
1125,OH,2F,04,01,OH_S_2F_04_01
1126,OH,2F,04,02,OH_S_2F_04_02
1127,OH,2F,04,03,OH_S_2F_04_03
1128,OH,2F,04,04,OH_S_2F_04_04
1129,OH,2F,04,05,OH_S_2F_04_05
1130,OH,2F,04,06,OH_S_2F_04_06
1131,OH,2F,04,07,OH_S_2F_04_07
1132,OH,2F,04,08,OH_S_2F_04_08
1133,OH,2F,04,09,OH_S_2F_04_09
1134,OH,2F,04,10,OH_S_2F_04_10
1135,OH,2F,04,11,OH_S_2F_04_11
1136,OH,2F,04,12,OH_S_2F_04_12
1137,OH,2F,04,13,OH_S_2F_04_13
1138,OH,2F,04,14,OH_S_2F_04_14
1139,OH,2F,04,15,OH_S_2F_04_15
1140,OH,2F,04,16,OH_S_2F_04_16
1141,OH,2F,04,17,OH_S_2F_04_17
1142,OH,2F,04,18,OH_S_2F_04_18
1143,OH,2F,04,19,OH_S_2F_04_19
1144,OH,2F,04,20,OH_S_2F_04_20
1145,OH,2F,04,21,OH_S_2F_04_21
1146,OH,2F,04,22,OH_S_2F_04_22
1147,OH,2F,04,23,OH_S_2F_04_23
1148,OH,2F,04,24,OH_S_2F_04_24
1149,OH,2F,04,25,OH_S_2F_04_25
1150,OH,2F,04,26,OH_S_2F_04_26
1151,OH,2F,04,27,OH_S_2F_04_27
1152,OH,2F,04,28,OH_S_2F_04_28
1153,OH,2F,04,29,OH_S_2F_04_29
1154,OH,2F,04,30,OH_S_2F_04_30
1155,OH,2F,04,31,OH_S_2F_04_31
1156,OH,2F,04,32,OH_S_2F_04_32
1157,OH,2F,04,33,OH_S_2F_04_33
1158,OH,2F,04,34,OH_S_2F_04_34
1159,OH,2F,04,35,OH_S_2F_04_35
1160,OH,2F,04,36,OH_S_2F_04_36
1161,OH,2F,04,37,OH_S_2F_04_37
1162,OH,2F,04,38,OH_S_2F_04_38
1163,OH,2F,04,39,OH_S_2F_04_39
1164,OH,2F,04,40,OH_S_2F_04_40
1165,OH,2F,04,41,OH_S_2F_04_41
1166,OH,2F,04,42,OH_S_2F_04_42
1167,OH,2F,04,43,OH_S_2F_04_43
1168,OH,2F,04,44,OH_S_2F_04_44
1169,OH,2F,04,45,OH_S_2F_04_45
1170,OH,2F,04,46,OH_S_2F_04_46
1171,OH,2F,04,47,OH_S_2F_04_47
1172,OH,2F,04,48,OH_S_2F_04_48
1173,OH,2F,05,01,OH_S_2F_05_01
1174,OH,2F,05,02,OH_S_2F_05_02
1175,OH,2F,05,03,OH_S_2F_05_03
1176,OH,2F,05,04,OH_S_2F_05_04
1177,OH,2F,05,05,OH_S_2F_05_05
1178,OH,2F,05,06,OH_S_2F_05_06
1179,OH,2F,05,07,OH_S_2F_05_07
1180,OH,2F,05,08,OH_S_2F_05_08
1181,OH,2F,05,09,OH_S_2F_05_09
1182,OH,2F,05,10,OH_S_2F_05_10
1183,OH,2F,05,11,OH_S_2F_05_11
1184,OH,2F,05,12,OH_S_2F_05_12
1185,OH,2F,05,13,OH_S_2F_05_13
1186,OH,2F,05,14,OH_S_2F_05_14
1187,OH,2F,05,15,OH_S_2F_05_15
1188,OH,2F,05,16,OH_S_2F_05_16
1189,OH,2F,05,17,OH_S_2F_05_17
1190,OH,2F,05,18,OH_S_2F_05_18
1191,OH,2F,05,19,OH_S_2F_05_19
1192,OH,2F,05,20,OH_S_2F_05_20
1193,OH,2F,05,21,OH_S_2F_05_21
1194,OH,2F,05,22,OH_S_2F_05_22
1195,OH,2F,05,23,OH_S_2F_05_23
1196,OH,2F,05,24,OH_S_2F_05_24
1197,OH,2F,05,25,OH_S_2F_05_25
1198,OH,2F,05,26,OH_S_2F_05_26
1199,OH,2F,05,27,OH_S_2F_05_27
1200,OH,2F,05,28,OH_S_2F_05_28
1201,OH,2F,05,29,OH_S_2F_05_29
1202,OH,2F,05,30,OH_S_2F_05_30
1203,OH,2F,05,31,OH_S_2F_05_31
1204,OH,2F,05,32,OH_S_2F_05_32
1205,OH,2F,05,33,OH_S_2F_05_33
1206,OH,2F,05,34,OH_S_2F_05_34
1207,OH,2F,05,35,OH_S_2F_05_35
1208,OH,2F,05,36,OH_S_2F_05_36
1209,OH,2F,05,37,OH_S_2F_05_37
1210,OH,2F,05,38,OH_S_2F_05_38
1211,OH,2F,05,39,OH_S_2F_05_39
1212,OH,2F,05,40,OH_S_2F_05_40
1213,OH,2F,05,41,OH_S_2F_05_41
1214,OH,2F,05,42,OH_S_2F_05_42
1215,OH,2F,05,43,OH_S_2F_05_43
1216,OH,2F,05,44,OH_S_2F_05_44
1217,OH,2F,05,45,OH_S_2F_05_45
1218,OH,2F,05,46,OH_S_2F_05_46
1219,OH,2F,05,47,OH_S_2F_05_47
1220,OH,2F,05,48,OH_S_2F_05_48
1221,OH,3F,L1,01,OH_S_3F_L1_01
1222,OH,3F,L1,02,OH_S_3F_L1_02
1223,OH,3F,L1,03,OH_S_3F_L1_03
1224,OH,3F,L1,04,OH_S_3F_L1_04
1225,OH,3F,L1,05,OH_S_3F_L1_05
1226,OH,3F,L1,06,OH_S_3F_L1_06
1227,OH,3F,L1,07,OH_S_3F_L1_07
1228,OH,3F,L1,08,OH_S_3F_L1_08
1229,OH,3F,L1,09,OH_S_3F_L1_09
1230,OH,3F,L2,04,OH_S_3F_L2_04
1231,OH,3F,L2,05,OH_S_3F_L2_05
1232,OH,3F,L3,04,OH_S_3F_L3_04
1233,OH,3F,L3,05,OH_S_3F_L3_05
1234,OH,3F,L4,03,OH_S_3F_L4_03
1235,OH,3F,L4,04,OH_S_3F_L4_04
1236,OH,3F,L4,05,OH_S_3F_L4_05
1237,OH,3F,L5,03,OH_S_3F_L5_03
1238,OH,3F,L5,04,OH_S_3F_L5_04
1239,OH,3F,L5,05,OH_S_3F_L5_05
1240,OH,3F,L6,02,OH_S_3F_L6_02
1241,OH,3F,L6,03,OH_S_3F_L6_03
1242,OH,3F,L6,04,OH_S_3F_L6_04
1243,OH,3F,L6,05,OH_S_3F_L6_05
1244,OH,3F,L7,02,OH_S_3F_L7_02
1245,OH,3F,L7,03,OH_S_3F_L7_03
1246,OH,3F,L7,04,OH_S_3F_L7_04
1247,OH,3F,L7,05,OH_S_3F_L7_05
1248,OH,3F,L8,01,OH_S_3F_L8_01
1249,OH,3F,L8,02,OH_S_3F_L8_02
1250,OH,3F,L8,03,OH_S_3F_L8_03
1251,OH,3F,L8,04,OH_S_3F_L8_04
1252,OH,3F,L8,05,OH_S_3F_L8_05
1253,OH,3F,L9,01,OH_S_3F_L9_01
1254,OH,3F,L9,02,OH_S_3F_L9_02
1255,OH,3F,L9,03,OH_S_3F_L9_03
1256,OH,3F,L9,04,OH_S_3F_L9_04
1257,OH,3F,L9,05,OH_S_3F_L9_05
1258,OH,3F,L10,01,OH_S_3F_L10_01
1259,OH,3F,L10,02,OH_S_3F_L10_02
1260,OH,3F,L10,03,OH_S_3F_L10_03
1261,OH,3F,L10,04,OH_S_3F_L10_04
1262,OH,3F,L10,05,OH_S_3F_L10_05
1263,OH,3F,R1,01,OH_S_3F_R1_01
1264,OH,3F,R1,02,OH_S_3F_R1_02
1265,OH,3F,R1,03,OH_S_3F_R1_03
1266,OH,3F,R1,04,OH_S_3F_R1_04
1267,OH,3F,R1,05,OH_S_3F_R1_05
1268,OH,3F,R1,06,OH_S_3F_R1_06
1269,OH,3F,R1,07,OH_S_3F_R1_07
1270,OH,3F,R1,08,OH_S_3F_R1_08
1271,OH,3F,R1,09,OH_S_3F_R1_09
1272,OH,3F,R2,01,OH_S_3F_R2_01
1273,OH,3F,R2,02,OH_S_3F_R2_02
1274,OH,3F,R3,01,OH_S_3F_R3_01
1275,OH,3F,R3,02,OH_S_3F_R3_02
1276,OH,3F,R4,01,OH_S_3F_R4_01
1277,OH,3F,R4,02,OH_S_3F_R4_02
1278,OH,3F,R4,03,OH_S_3F_R4_03
1279,OH,3F,R5,01,OH_S_3F_R5_01
1280,OH,3F,R5,02,OH_S_3F_R5_02
1281,OH,3F,R5,03,OH_S_3F_R5_03
1282,OH,3F,R6,01,OH_S_3F_R6_01
1283,OH,3F,R6,02,OH_S_3F_R6_02
1284,OH,3F,R6,03,OH_S_3F_R6_03
1285,OH,3F,R6,04,OH_S_3F_R6_04
1286,OH,3F,R7,01,OH_S_3F_R7_01
1287,OH,3F,R7,02,OH_S_3F_R7_02
1288,OH,3F,R7,03,OH_S_3F_R7_03
1289,OH,3F,R7,04,OH_S_3F_R7_04
1290,OH,3F,R8,01,OH_S_3F_R8_01
1291,OH,3F,R8,02,OH_S_3F_R8_02
1292,OH,3F,R8,03,OH_S_3F_R8_03
1293,OH,3F,R8,04,OH_S_3F_R8_04
1294,OH,3F,R8,05,OH_S_3F_R8_05
1295,OH,3F,R9,01,OH_S_3F_R9_01
1296,OH,3F,R9,02,OH_S_3F_R9_02
1297,OH,3F,R9,03,OH_S_3F_R9_03
1298,OH,3F,R9,04,OH_S_3F_R9_04
1299,OH,3F,R9,05,OH_S_3F_R9_05
1300,OH,3F,R10,01,OH_S_3F_R10_01
1301,OH,3F,R10,02,OH_S_3F_R10_02
1302,OH,3F,R10,03,OH_S_3F_R10_03
1303,OH,3F,R10,04,OH_S_3F_R10_04
1304,OH,3F,R10,05,OH_S_3F_R10_05
1305,OH,3F,01,01,OH_S_3F_01_01
1306,OH,3F,01,02,OH_S_3F_01_02
1307,OH,3F,01,03,OH_S_3F_01_03
1308,OH,3F,01,04,OH_S_3F_01_04
1309,OH,3F,01,05,OH_S_3F_01_05
1310,OH,3F,01,06,OH_S_3F_01_06
1311,OH,3F,01,07,OH_S_3F_01_07
1312,OH,3F,01,08,OH_S_3F_01_08
1313,OH,3F,01,09,OH_S_3F_01_09
1314,OH,3F,01,10,OH_S_3F_01_10
1315,OH,3F,01,11,OH_S_3F_01_11
1316,OH,3F,01,12,OH_S_3F_01_12
1317,OH,3F,01,13,OH_S_3F_01_13
1318,OH,3F,01,14,OH_S_3F_01_14
1319,OH,3F,01,15,OH_S_3F_01_15
1320,OH,3F,01,16,OH_S_3F_01_16
1321,OH,3F,01,17,OH_S_3F_01_17
1322,OH,3F,01,18,OH_S_3F_01_18
1323,OH,3F,01,19,OH_S_3F_01_19
1324,OH,3F,01,20,OH_S_3F_01_20
1325,OH,3F,01,21,OH_S_3F_01_21
1326,OH,3F,01,22,OH_S_3F_01_22
1327,OH,3F,01,23,OH_S_3F_01_23
1328,OH,3F,01,24,OH_S_3F_01_24
1329,OH,3F,01,25,OH_S_3F_01_25
1330,OH,3F,01,26,OH_S_3F_01_26
1331,OH,3F,01,27,OH_S_3F_01_27
1332,OH,3F,01,28,OH_S_3F_01_28
1333,OH,3F,01,29,OH_S_3F_01_29
1334,OH,3F,01,30,OH_S_3F_01_30
1335,OH,3F,01,31,OH_S_3F_01_31
1336,OH,3F,01,32,OH_S_3F_01_32
1337,OH,3F,01,33,OH_S_3F_01_33
1338,OH,3F,01,34,OH_S_3F_01_34
1339,OH,3F,01,35,OH_S_3F_01_35
1340,OH,3F,01,36,OH_S_3F_01_36
1341,OH,3F,01,37,OH_S_3F_01_37
1342,OH,3F,01,38,OH_S_3F_01_38
1343,OH,3F,01,39,OH_S_3F_01_39
1344,OH,3F,01,40,OH_S_3F_01_40
1345,OH,3F,01,41,OH_S_3F_01_41
1346,OH,3F,01,42,OH_S_3F_01_42
1347,OH,3F,01,43,OH_S_3F_01_43
1348,OH,3F,01,44,OH_S_3F_01_44
1349,OH,3F,01,45,OH_S_3F_01_45
1350,OH,3F,01,46,OH_S_3F_01_46
1351,OH,3F,01,47,OH_S_3F_01_47
1352,OH,3F,01,48,OH_S_3F_01_48
1353,OH,3F,01,49,OH_S_3F_01_49
1354,OH,3F,01,50,OH_S_3F_01_50
1355,OH,3F,01,51,OH_S_3F_01_51
1356,OH,3F,01,52,OH_S_3F_01_52
1357,OH,3F,02,01,OH_S_3F_02_01
1358,OH,3F,02,02,OH_S_3F_02_02
1359,OH,3F,02,03,OH_S_3F_02_03
1360,OH,3F,02,04,OH_S_3F_02_04
1361,OH,3F,02,05,OH_S_3F_02_05
1362,OH,3F,02,06,OH_S_3F_02_06
1363,OH,3F,02,07,OH_S_3F_02_07
1364,OH,3F,02,08,OH_S_3F_02_08
1365,OH,3F,02,09,OH_S_3F_02_09
1366,OH,3F,02,10,OH_S_3F_02_10
1367,OH,3F,02,11,OH_S_3F_02_11
1368,OH,3F,02,12,OH_S_3F_02_12
1369,OH,3F,02,13,OH_S_3F_02_13
1370,OH,3F,02,14,OH_S_3F_02_14
1371,OH,3F,02,15,OH_S_3F_02_15
1372,OH,3F,02,16,OH_S_3F_02_16
1373,OH,3F,02,17,OH_S_3F_02_17
1374,OH,3F,02,18,OH_S_3F_02_18
1375,OH,3F,02,19,OH_S_3F_02_19
1376,OH,3F,02,20,OH_S_3F_02_20
1377,OH,3F,02,21,OH_S_3F_02_21
1378,OH,3F,02,22,OH_S_3F_02_22
1379,OH,3F,02,23,OH_S_3F_02_23
1380,OH,3F,02,24,OH_S_3F_02_24
1381,OH,3F,02,25,OH_S_3F_02_25
1382,OH,3F,02,26,OH_S_3F_02_26
1383,OH,3F,02,27,OH_S_3F_02_27
1384,OH,3F,02,28,OH_S_3F_02_28
1385,OH,3F,02,29,OH_S_3F_02_29
1386,OH,3F,02,30,OH_S_3F_02_30
1387,OH,3F,02,31,OH_S_3F_02_31
1388,OH,3F,02,32,OH_S_3F_02_32
1389,OH,3F,02,33,OH_S_3F_02_33
1390,OH,3F,02,34,OH_S_3F_02_34
1391,OH,3F,02,35,OH_S_3F_02_35
1392,OH,3F,02,36,OH_S_3F_02_36
1393,OH,3F,02,37,OH_S_3F_02_37
1394,OH,3F,02,38,OH_S_3F_02_38
1395,OH,3F,02,39,OH_S_3F_02_39
1396,OH,3F,02,40,OH_S_3F_02_40
1397,OH,3F,02,41,OH_S_3F_02_41
1398,OH,3F,02,42,OH_S_3F_02_42
1399,OH,3F,02,43,OH_S_3F_02_43
1400,OH,3F,02,44,OH_S_3F_02_44
1401,OH,3F,02,45,OH_S_3F_02_45
1402,OH,3F,02,46,OH_S_3F_02_46
1403,OH,3F,02,47,OH_S_3F_02_47
1404,OH,3F,02,48,OH_S_3F_02_48
1405,OH,3F,02,49,OH_S_3F_02_49
1406,OH,3F,02,50,OH_S_3F_02_50
1407,OH,3F,02,51,OH_S_3F_02_51
1408,OH,3F,02,52,OH_S_3F_02_52
1409,OH,3F,03,01,OH_S_3F_03_01
1410,OH,3F,03,02,OH_S_3F_03_02
1411,OH,3F,03,03,OH_S_3F_03_03
1412,OH,3F,03,04,OH_S_3F_03_04
1413,OH,3F,03,05,OH_S_3F_03_05
1414,OH,3F,03,06,OH_S_3F_03_06
1415,OH,3F,03,07,OH_S_3F_03_07
1416,OH,3F,03,08,OH_S_3F_03_08
1417,OH,3F,03,09,OH_S_3F_03_09
1418,OH,3F,03,10,OH_S_3F_03_10
1419,OH,3F,03,11,OH_S_3F_03_11
1420,OH,3F,03,12,OH_S_3F_03_12
1421,OH,3F,03,13,OH_S_3F_03_13
1422,OH,3F,03,14,OH_S_3F_03_14
1423,OH,3F,03,15,OH_S_3F_03_15
1424,OH,3F,03,16,OH_S_3F_03_16
1425,OH,3F,03,17,OH_S_3F_03_17
1426,OH,3F,03,18,OH_S_3F_03_18
1427,OH,3F,03,19,OH_S_3F_03_19
1428,OH,3F,03,20,OH_S_3F_03_20
1429,OH,3F,03,21,OH_S_3F_03_21
1430,OH,3F,03,22,OH_S_3F_03_22
1431,OH,3F,03,23,OH_S_3F_03_23
1432,OH,3F,03,24,OH_S_3F_03_24
1433,OH,3F,03,25,OH_S_3F_03_25
1434,OH,3F,03,26,OH_S_3F_03_26
1435,OH,3F,03,27,OH_S_3F_03_27
1436,OH,3F,03,28,OH_S_3F_03_28
1437,OH,3F,03,29,OH_S_3F_03_29
1438,OH,3F,03,30,OH_S_3F_03_30
1439,OH,3F,03,31,OH_S_3F_03_31
1440,OH,3F,03,32,OH_S_3F_03_32
1441,OH,3F,03,33,OH_S_3F_03_33
1442,OH,3F,03,34,OH_S_3F_03_34
1443,OH,3F,03,35,OH_S_3F_03_35
1444,OH,3F,03,36,OH_S_3F_03_36
1445,OH,3F,03,37,OH_S_3F_03_37
1446,OH,3F,03,38,OH_S_3F_03_38
1447,OH,3F,03,39,OH_S_3F_03_39
1448,OH,3F,03,40,OH_S_3F_03_40
1449,OH,3F,03,41,OH_S_3F_03_41
1450,OH,3F,03,42,OH_S_3F_03_42
1451,OH,3F,03,43,OH_S_3F_03_43
1452,OH,3F,03,44,OH_S_3F_03_44
1453,OH,3F,03,45,OH_S_3F_03_45
1454,OH,3F,03,46,OH_S_3F_03_46
1455,OH,3F,03,47,OH_S_3F_03_47
1456,OH,3F,03,48,OH_S_3F_03_48
1457,OH,3F,03,49,OH_S_3F_03_49
1458,OH,3F,03,50,OH_S_3F_03_50
1459,OH,3F,03,51,OH_S_3F_03_51
1460,OH,3F,03,52,OH_S_3F_03_52
1461,OH,3F,04,01,OH_S_3F_04_01
1462,OH,3F,04,02,OH_S_3F_04_02
1463,OH,3F,04,03,OH_S_3F_04_03
1464,OH,3F,04,04,OH_S_3F_04_04
1465,OH,3F,04,05,OH_S_3F_04_05
1466,OH,3F,04,06,OH_S_3F_04_06
1467,OH,3F,04,07,OH_S_3F_04_07
1468,OH,3F,04,08,OH_S_3F_04_08
1469,OH,3F,04,09,OH_S_3F_04_09
1470,OH,3F,04,10,OH_S_3F_04_10
1471,OH,3F,04,11,OH_S_3F_04_11
1472,OH,3F,04,12,OH_S_3F_04_12
1473,OH,3F,04,13,OH_S_3F_04_13
1474,OH,3F,04,14,OH_S_3F_04_14
1475,OH,3F,04,15,OH_S_3F_04_15
1476,OH,3F,04,16,OH_S_3F_04_16
1477,OH,3F,04,17,OH_S_3F_04_17
1478,OH,3F,04,18,OH_S_3F_04_18
1479,OH,3F,04,19,OH_S_3F_04_19
1480,OH,3F,04,20,OH_S_3F_04_20
1481,OH,3F,04,21,OH_S_3F_04_21
1482,OH,3F,04,22,OH_S_3F_04_22
1483,OH,3F,04,23,OH_S_3F_04_23
1484,OH,3F,04,24,OH_S_3F_04_24
1485,OH,3F,04,25,OH_S_3F_04_25
1486,OH,3F,04,26,OH_S_3F_04_26
1487,OH,3F,04,27,OH_S_3F_04_27
1488,OH,3F,04,28,OH_S_3F_04_28
1489,OH,3F,04,29,OH_S_3F_04_29
1490,OH,3F,04,30,OH_S_3F_04_30
1491,OH,3F,04,31,OH_S_3F_04_31
1492,OH,3F,04,32,OH_S_3F_04_32
1493,OH,3F,04,33,OH_S_3F_04_33
1494,OH,3F,04,34,OH_S_3F_04_34
1495,OH,3F,04,35,OH_S_3F_04_35
1496,OH,3F,04,36,OH_S_3F_04_36
1497,OH,3F,04,37,OH_S_3F_04_37
1498,OH,3F,04,38,OH_S_3F_04_38
1499,OH,3F,04,39,OH_S_3F_04_39
1500,OH,3F,04,40,OH_S_3F_04_40
1501,OH,3F,04,41,OH_S_3F_04_41
1502,OH,3F,04,42,OH_S_3F_04_42
1503,OH,3F,04,43,OH_S_3F_04_43
1504,OH,3F,04,44,OH_S_3F_04_44
1505,OH,3F,04,45,OH_S_3F_04_45
1506,OH,3F,04,46,OH_S_3F_04_46
1507,OH,3F,04,47,OH_S_3F_04_47
1508,OH,3F,04,48,OH_S_3F_04_48
1509,OH,3F,04,49,OH_S_3F_04_49
1510,OH,3F,04,50,OH_S_3F_04_50
1511,OH,3F,04,51,OH_S_3F_04_51
1512,OH,3F,04,52,OH_S_3F_04_52
1513,OH,4F,L1,01,OH_S_4F_L1_01
1514,OH,4F,L1,02,OH_S_4F_L1_02
1515,OH,4F,L1,03,OH_S_4F_L1_03
1516,OH,4F,L1,04,OH_S_4F_L1_04
1517,OH,4F,L1,05,OH_S_4F_L1_05
1518,OH,4F,L1,06,OH_S_4F_L1_06
1519,OH,4F,L1,07,OH_S_4F_L1_07
1520,OH,4F,L1,08,OH_S_4F_L1_08
1521,OH,4F,L1,09,OH_S_4F_L1_09
1522,OH,4F,L1,10,OH_S_4F_L1_10
1523,OH,4F,L1,11,OH_S_4F_L1_11
1524,OH,4F,L2,04,OH_S_4F_L2_04
1525,OH,4F,L2,05,OH_S_4F_L2_05
1526,OH,4F,L3,03,OH_S_4F_L3_03
1527,OH,4F,L3,04,OH_S_4F_L3_04
1528,OH,4F,L3,05,OH_S_4F_L3_05
1529,OH,4F,L4,03,OH_S_4F_L4_03
1530,OH,4F,L4,04,OH_S_4F_L4_04
1531,OH,4F,L4,05,OH_S_4F_L4_05
1532,OH,4F,L5,02,OH_S_4F_L5_02
1533,OH,4F,L5,03,OH_S_4F_L5_03
1534,OH,4F,L5,04,OH_S_4F_L5_04
1535,OH,4F,L5,05,OH_S_4F_L5_05
1536,OH,4F,L6,02,OH_S_4F_L6_02
1537,OH,4F,L6,03,OH_S_4F_L6_03
1538,OH,4F,L6,04,OH_S_4F_L6_04
1539,OH,4F,L6,05,OH_S_4F_L6_05
1540,OH,4F,L7,01,OH_S_4F_L7_01
1541,OH,4F,L7,02,OH_S_4F_L7_02
1542,OH,4F,L7,03,OH_S_4F_L7_03
1543,OH,4F,L7,04,OH_S_4F_L7_04
1544,OH,4F,L7,05,OH_S_4F_L7_05
1545,OH,4F,L8,01,OH_S_4F_L8_01
1546,OH,4F,L8,02,OH_S_4F_L8_02
1547,OH,4F,L8,03,OH_S_4F_L8_03
1548,OH,4F,L8,04,OH_S_4F_L8_04
1549,OH,4F,L8,05,OH_S_4F_L8_05
1550,OH,4F,R1,01,OH_S_4F_R1_01
1551,OH,4F,R1,02,OH_S_4F_R1_02
1552,OH,4F,R1,03,OH_S_4F_R1_03
1553,OH,4F,R1,04,OH_S_4F_R1_04
1554,OH,4F,R1,05,OH_S_4F_R1_05
1555,OH,4F,R1,06,OH_S_4F_R1_06
1556,OH,4F,R1,07,OH_S_4F_R1_07
1557,OH,4F,R1,08,OH_S_4F_R1_08
1558,OH,4F,R1,09,OH_S_4F_R1_09
1559,OH,4F,R1,10,OH_S_4F_R1_10
1560,OH,4F,R1,11,OH_S_4F_R1_11
1561,OH,4F,R2,01,OH_S_4F_R2_01
1562,OH,4F,R2,02,OH_S_4F_R2_02
1563,OH,4F,R3,01,OH_S_4F_R3_01
1564,OH,4F,R3,02,OH_S_4F_R3_02
1565,OH,4F,R3,03,OH_S_4F_R3_03
1566,OH,4F,R4,01,OH_S_4F_R4_01
1567,OH,4F,R4,02,OH_S_4F_R4_02
1568,OH,4F,R4,03,OH_S_4F_R4_03
1569,OH,4F,R5,01,OH_S_4F_R5_01
1570,OH,4F,R5,02,OH_S_4F_R5_02
1571,OH,4F,R5,03,OH_S_4F_R5_03
1572,OH,4F,R5,04,OH_S_4F_R5_04
1573,OH,4F,R6,01,OH_S_4F_R6_01
1574,OH,4F,R6,02,OH_S_4F_R6_02
1575,OH,4F,R6,03,OH_S_4F_R6_03
1576,OH,4F,R6,04,OH_S_4F_R6_04
1577,OH,4F,R7,01,OH_S_4F_R7_01
1578,OH,4F,R7,02,OH_S_4F_R7_02
1579,OH,4F,R7,03,OH_S_4F_R7_03
1580,OH,4F,R7,04,OH_S_4F_R7_04
1581,OH,4F,R7,05,OH_S_4F_R7_05
1582,OH,4F,R8,01,OH_S_4F_R8_01
1583,OH,4F,R8,02,OH_S_4F_R8_02
1584,OH,4F,R8,03,OH_S_4F_R8_03
1585,OH,4F,R8,04,OH_S_4F_R8_04
1586,OH,4F,R8,05,OH_S_4F_R8_05
1587,OH,4F,01,03,OH_S_4F_01_03
1588,OH,4F,01,04,OH_S_4F_01_04
1589,OH,4F,01,05,OH_S_4F_01_05
1590,OH,4F,01,06,OH_S_4F_01_06
1591,OH,4F,01,07,OH_S_4F_01_07
1592,OH,4F,01,08,OH_S_4F_01_08
1593,OH,4F,01,09,OH_S_4F_01_09
1594,OH,4F,01,10,OH_S_4F_01_10
1595,OH,4F,01,11,OH_S_4F_01_11
1596,OH,4F,01,12,OH_S_4F_01_12
1597,OH,4F,01,13,OH_S_4F_01_13
1598,OH,4F,01,14,OH_S_4F_01_14
1599,OH,4F,01,15,OH_S_4F_01_15
1600,OH,4F,01,16,OH_S_4F_01_16
1601,OH,4F,01,17,OH_S_4F_01_17
1602,OH,4F,01,18,OH_S_4F_01_18
1603,OH,4F,01,19,OH_S_4F_01_19
1604,OH,4F,01,20,OH_S_4F_01_20
1605,OH,4F,01,21,OH_S_4F_01_21
1606,OH,4F,01,22,OH_S_4F_01_22
1607,OH,4F,01,23,OH_S_4F_01_23
1608,OH,4F,01,24,OH_S_4F_01_24
1609,OH,4F,01,25,OH_S_4F_01_25
1610,OH,4F,01,26,OH_S_4F_01_26
1611,OH,4F,01,27,OH_S_4F_01_27
1612,OH,4F,01,28,OH_S_4F_01_28
1613,OH,4F,01,29,OH_S_4F_01_29
1614,OH,4F,01,30,OH_S_4F_01_30
1615,OH,4F,01,31,OH_S_4F_01_31
1616,OH,4F,01,32,OH_S_4F_01_32
1617,OH,4F,01,33,OH_S_4F_01_33
1618,OH,4F,01,34,OH_S_4F_01_34
1619,OH,4F,01,35,OH_S_4F_01_35
1620,OH,4F,01,36,OH_S_4F_01_36
1621,OH,4F,01,37,OH_S_4F_01_37
1622,OH,4F,01,38,OH_S_4F_01_38
1623,OH,4F,01,39,OH_S_4F_01_39
1624,OH,4F,01,40,OH_S_4F_01_40
1625,OH,4F,01,41,OH_S_4F_01_41
1626,OH,4F,01,42,OH_S_4F_01_42
1627,OH,4F,01,43,OH_S_4F_01_43
1628,OH,4F,01,44,OH_S_4F_01_44
1629,OH,4F,01,45,OH_S_4F_01_45
1630,OH,4F,01,46,OH_S_4F_01_46
1631,OH,4F,01,47,OH_S_4F_01_47
1632,OH,4F,01,48,OH_S_4F_01_48
1633,OH,4F,01,49,OH_S_4F_01_49
1634,OH,4F,01,50,OH_S_4F_01_50
1635,OH,4F,01,51,OH_S_4F_01_51
1636,OH,4F,01,52,OH_S_4F_01_52
1637,OH,4F,01,53,OH_S_4F_01_53
1638,OH,4F,01,54,OH_S_4F_01_54
1639,OH,4F,01,55,OH_S_4F_01_55
1640,OH,4F,01,56,OH_S_4F_01_56
1641,OH,4F,01,57,OH_S_4F_01_57
1642,OH,4F,02,03,OH_S_4F_02_03
1643,OH,4F,02,04,OH_S_4F_02_04
1644,OH,4F,02,05,OH_S_4F_02_05
1645,OH,4F,02,06,OH_S_4F_02_06
1646,OH,4F,02,07,OH_S_4F_02_07
1647,OH,4F,02,08,OH_S_4F_02_08
1648,OH,4F,02,09,OH_S_4F_02_09
1649,OH,4F,02,10,OH_S_4F_02_10
1650,OH,4F,02,11,OH_S_4F_02_11
1651,OH,4F,02,12,OH_S_4F_02_12
1652,OH,4F,02,13,OH_S_4F_02_13
1653,OH,4F,02,14,OH_S_4F_02_14
1654,OH,4F,02,15,OH_S_4F_02_15
1655,OH,4F,02,16,OH_S_4F_02_16
1656,OH,4F,02,17,OH_S_4F_02_17
1657,OH,4F,02,18,OH_S_4F_02_18
1658,OH,4F,02,19,OH_S_4F_02_19
1659,OH,4F,02,20,OH_S_4F_02_20
1660,OH,4F,02,21,OH_S_4F_02_21
1661,OH,4F,02,22,OH_S_4F_02_22
1662,OH,4F,02,23,OH_S_4F_02_23
1663,OH,4F,02,24,OH_S_4F_02_24
1664,OH,4F,02,25,OH_S_4F_02_25
1665,OH,4F,02,26,OH_S_4F_02_26
1666,OH,4F,02,27,OH_S_4F_02_27
1667,OH,4F,02,28,OH_S_4F_02_28
1668,OH,4F,02,29,OH_S_4F_02_29
1669,OH,4F,02,30,OH_S_4F_02_30
1670,OH,4F,02,31,OH_S_4F_02_31
1671,OH,4F,02,32,OH_S_4F_02_32
1672,OH,4F,02,33,OH_S_4F_02_33
1673,OH,4F,02,34,OH_S_4F_02_34
1674,OH,4F,02,35,OH_S_4F_02_35
1675,OH,4F,02,36,OH_S_4F_02_36
1676,OH,4F,02,37,OH_S_4F_02_37
1677,OH,4F,02,38,OH_S_4F_02_38
1678,OH,4F,02,39,OH_S_4F_02_39
1679,OH,4F,02,40,OH_S_4F_02_40
1680,OH,4F,02,41,OH_S_4F_02_41
1681,OH,4F,02,42,OH_S_4F_02_42
1682,OH,4F,02,43,OH_S_4F_02_43
1683,OH,4F,02,44,OH_S_4F_02_44
1684,OH,4F,02,45,OH_S_4F_02_45
1685,OH,4F,02,46,OH_S_4F_02_46
1686,OH,4F,02,47,OH_S_4F_02_47
1687,OH,4F,02,48,OH_S_4F_02_48
1688,OH,4F,02,49,OH_S_4F_02_49
1689,OH,4F,02,50,OH_S_4F_02_50
1690,OH,4F,02,51,OH_S_4F_02_51
1691,OH,4F,02,52,OH_S_4F_02_52
1692,OH,4F,02,53,OH_S_4F_02_53
1693,OH,4F,02,54,OH_S_4F_02_54
1694,OH,4F,02,55,OH_S_4F_02_55
1695,OH,4F,02,56,OH_S_4F_02_56
1696,OH,4F,02,57,OH_S_4F_02_57
1697,OH,4F,02,58,OH_S_4F_02_58
1698,OH,4F,03,02,OH_S_4F_03_02
1699,OH,4F,03,03,OH_S_4F_03_03
1700,OH,4F,03,04,OH_S_4F_03_04
1701,OH,4F,03,05,OH_S_4F_03_05
1702,OH,4F,03,06,OH_S_4F_03_06
1703,OH,4F,03,07,OH_S_4F_03_07
1704,OH,4F,03,08,OH_S_4F_03_08
1705,OH,4F,03,09,OH_S_4F_03_09
1706,OH,4F,03,10,OH_S_4F_03_10
1707,OH,4F,03,11,OH_S_4F_03_11
1708,OH,4F,03,12,OH_S_4F_03_12
1709,OH,4F,03,13,OH_S_4F_03_13
1710,OH,4F,03,14,OH_S_4F_03_14
1711,OH,4F,03,15,OH_S_4F_03_15
1712,OH,4F,03,16,OH_S_4F_03_16
1713,OH,4F,03,17,OH_S_4F_03_17
1714,OH,4F,03,18,OH_S_4F_03_18
1715,OH,4F,03,19,OH_S_4F_03_19
1716,OH,4F,03,20,OH_S_4F_03_20
1717,OH,4F,03,21,OH_S_4F_03_21
1718,OH,4F,03,22,OH_S_4F_03_22
1719,OH,4F,03,23,OH_S_4F_03_23
1720,OH,4F,03,24,OH_S_4F_03_24
1721,OH,4F,03,25,OH_S_4F_03_25
1722,OH,4F,03,26,OH_S_4F_03_26
1723,OH,4F,03,27,OH_S_4F_03_27
1724,OH,4F,03,28,OH_S_4F_03_28
1725,OH,4F,03,29,OH_S_4F_03_29
1726,OH,4F,03,30,OH_S_4F_03_30
1727,OH,4F,03,31,OH_S_4F_03_31
1728,OH,4F,03,32,OH_S_4F_03_32
1729,OH,4F,03,33,OH_S_4F_03_33
1730,OH,4F,03,34,OH_S_4F_03_34
1731,OH,4F,03,35,OH_S_4F_03_35
1732,OH,4F,03,36,OH_S_4F_03_36
1733,OH,4F,03,37,OH_S_4F_03_37
1734,OH,4F,03,38,OH_S_4F_03_38
1735,OH,4F,03,39,OH_S_4F_03_39
1736,OH,4F,03,40,OH_S_4F_03_40
1737,OH,4F,03,41,OH_S_4F_03_41
1738,OH,4F,03,42,OH_S_4F_03_42
1739,OH,4F,03,43,OH_S_4F_03_43
1740,OH,4F,03,44,OH_S_4F_03_44
1741,OH,4F,03,45,OH_S_4F_03_45
1742,OH,4F,03,46,OH_S_4F_03_46
1743,OH,4F,03,47,OH_S_4F_03_47
1744,OH,4F,03,48,OH_S_4F_03_48
1745,OH,4F,03,49,OH_S_4F_03_49
1746,OH,4F,03,50,OH_S_4F_03_50
1747,OH,4F,03,51,OH_S_4F_03_51
1748,OH,4F,03,52,OH_S_4F_03_52
1749,OH,4F,03,53,OH_S_4F_03_53
1750,OH,4F,03,54,OH_S_4F_03_54
1751,OH,4F,03,55,OH_S_4F_03_55
1752,OH,4F,03,56,OH_S_4F_03_56
1753,OH,4F,03,57,OH_S_4F_03_57
1754,OH,4F,03,58,OH_S_4F_03_58
1755,OH,4F,04,01,OH_S_4F_04_01
1756,OH,4F,04,02,OH_S_4F_04_02
1757,OH,4F,04,03,OH_S_4F_04_03
1758,OH,4F,04,04,OH_S_4F_04_04
1759,OH,4F,04,05,OH_S_4F_04_05
1760,OH,4F,04,06,OH_S_4F_04_06
1761,OH,4F,04,07,OH_S_4F_04_07
1762,OH,4F,04,08,OH_S_4F_04_08
1763,OH,4F,04,09,OH_S_4F_04_09
1764,OH,4F,04,10,OH_S_4F_04_10
1765,OH,4F,04,11,OH_S_4F_04_11
1766,OH,4F,04,12,OH_S_4F_04_12
1767,OH,4F,04,13,OH_S_4F_04_13
1768,OH,4F,04,14,OH_S_4F_04_14
1769,OH,4F,04,15,OH_S_4F_04_15
1770,OH,4F,04,16,OH_S_4F_04_16
1771,OH,4F,04,17,OH_S_4F_04_17
1772,OH,4F,04,18,OH_S_4F_04_18
1773,OH,4F,04,19,OH_S_4F_04_19
1774,OH,4F,04,20,OH_S_4F_04_20
1775,OH,4F,04,21,OH_S_4F_04_21
1776,OH,4F,04,22,OH_S_4F_04_22
1777,OH,4F,04,23,OH_S_4F_04_23
1778,OH,4F,04,24,OH_S_4F_04_24
1779,OH,4F,04,25,OH_S_4F_04_25
1780,OH,4F,04,26,OH_S_4F_04_26
1781,OH,4F,04,27,OH_S_4F_04_27
1782,OH,4F,04,28,OH_S_4F_04_28
1783,OH,4F,04,29,OH_S_4F_04_29
1784,OH,4F,04,30,OH_S_4F_04_30
1785,OH,4F,04,31,OH_S_4F_04_31
1786,OH,4F,04,32,OH_S_4F_04_32
1787,OH,4F,04,33,OH_S_4F_04_33
1788,OH,4F,04,34,OH_S_4F_04_34
1789,OH,4F,04,35,OH_S_4F_04_35
1790,OH,4F,04,36,OH_S_4F_04_36
1791,OH,4F,04,37,OH_S_4F_04_37
1792,OH,4F,04,38,OH_S_4F_04_38
1793,OH,4F,04,39,OH_S_4F_04_39
1794,OH,4F,04,40,OH_S_4F_04_40
1795,OH,4F,04,41,OH_S_4F_04_41
1796,OH,4F,04,42,OH_S_4F_04_42
1797,OH,4F,04,43,OH_S_4F_04_43
1798,OH,4F,04,44,OH_S_4F_04_44
1799,OH,4F,04,45,OH_S_4F_04_45
1800,OH,4F,04,46,OH_S_4F_04_46
1801,OH,4F,04,47,OH_S_4F_04_47
1802,OH,4F,04,48,OH_S_4F_04_48
1803,OH,4F,04,49,OH_S_4F_04_49
1804,OH,4F,04,50,OH_S_4F_04_50
1805,OH,4F,04,51,OH_S_4F_04_51
1806,OH,4F,04,52,OH_S_4F_04_52
1807,OH,4F,04,53,OH_S_4F_04_53
1808,OH,4F,04,54,OH_S_4F_04_54
1809,OH,4F,04,55,OH_S_4F_04_55
1810,OH,4F,04,56,OH_S_4F_04_56
1811,OH,4F,04,57,OH_S_4F_04_57
1812,OH,4F,04,58,OH_S_4F_04_58
1813,PH,1F,01,33,PH_S_1F_01_33
1814,PH,1F,01,34,PH_S_1F_01_34
1815,PH,1F,01,35,PH_S_1F_01_35
1816,PH,1F,01,36,PH_S_1F_01_36
1817,PH,1F,01,37,PH_S_1F_01_37
1818,PH,1F,01,38,PH_S_1F_01_38
1819,PH,1F,01,39,PH_S_1F_01_39
1820,PH,1F,01,40,PH_S_1F_01_40
1821,PH,1F,01,41,PH_S_1F_01_41
1822,PH,1F,01,42,PH_S_1F_01_42
1823,PH,1F,01,43,PH_S_1F_01_43
1824,PH,1F,01,44,PH_S_1F_01_44
1825,PH,1F,01,45,PH_S_1F_01_45
1826,PH,1F,01,46,PH_S_1F_01_46
1827,PH,1F,02,29,PH_S_1F_02_29
1828,PH,1F,02,30,PH_S_1F_02_30
1829,PH,1F,02,31,PH_S_1F_02_31
1830,PH,1F,02,32,PH_S_1F_02_32
1831,PH,1F,02,33,PH_S_1F_02_33
1832,PH,1F,02,34,PH_S_1F_02_34
1833,PH,1F,02,35,PH_S_1F_02_35
1834,PH,1F,02,36,PH_S_1F_02_36
1835,PH,1F,02,37,PH_S_1F_02_37
1836,PH,1F,02,38,PH_S_1F_02_38
1837,PH,1F,02,39,PH_S_1F_02_39
1838,PH,1F,02,40,PH_S_1F_02_40
1839,PH,1F,02,41,PH_S_1F_02_41
1840,PH,1F,02,42,PH_S_1F_02_42
1841,PH,1F,02,43,PH_S_1F_02_43
1842,PH,1F,02,44,PH_S_1F_02_44
1843,PH,1F,02,45,PH_S_1F_02_45
1844,PH,1F,02,46,PH_S_1F_02_46
1845,PH,1F,02,47,PH_S_1F_02_47
1846,PH,1F,02,48,PH_S_1F_02_48
1847,PH,1F,02,49,PH_S_1F_02_49
1848,PH,1F,02,50,PH_S_1F_02_50
1849,PH,1F,03,28,PH_S_1F_03_28
1850,PH,1F,03,29,PH_S_1F_03_29
1851,PH,1F,03,30,PH_S_1F_03_30
1852,PH,1F,03,31,PH_S_1F_03_31
1853,PH,1F,03,32,PH_S_1F_03_32
1854,PH,1F,03,33,PH_S_1F_03_33
1855,PH,1F,03,34,PH_S_1F_03_34
1856,PH,1F,03,35,PH_S_1F_03_35
1857,PH,1F,03,36,PH_S_1F_03_36
1858,PH,1F,03,37,PH_S_1F_03_37
1859,PH,1F,03,38,PH_S_1F_03_38
1860,PH,1F,03,39,PH_S_1F_03_39
1861,PH,1F,03,40,PH_S_1F_03_40
1862,PH,1F,03,41,PH_S_1F_03_41
1863,PH,1F,03,42,PH_S_1F_03_42
1864,PH,1F,03,43,PH_S_1F_03_43
1865,PH,1F,03,44,PH_S_1F_03_44
1866,PH,1F,03,45,PH_S_1F_03_45
1867,PH,1F,03,46,PH_S_1F_03_46
1868,PH,1F,03,47,PH_S_1F_03_47
1869,PH,1F,03,48,PH_S_1F_03_48
1870,PH,1F,03,49,PH_S_1F_03_49
1871,PH,1F,03,50,PH_S_1F_03_50
1872,PH,1F,03,51,PH_S_1F_03_51
1873,PH,1F,04,27,PH_S_1F_04_27
1874,PH,1F,04,28,PH_S_1F_04_28
1875,PH,1F,04,29,PH_S_1F_04_29
1876,PH,1F,04,30,PH_S_1F_04_30
1877,PH,1F,04,31,PH_S_1F_04_31
1878,PH,1F,04,32,PH_S_1F_04_32
1879,PH,1F,04,33,PH_S_1F_04_33
1880,PH,1F,04,34,PH_S_1F_04_34
1881,PH,1F,04,35,PH_S_1F_04_35
1882,PH,1F,04,36,PH_S_1F_04_36
1883,PH,1F,04,37,PH_S_1F_04_37
1884,PH,1F,04,38,PH_S_1F_04_38
1885,PH,1F,04,39,PH_S_1F_04_39
1886,PH,1F,04,40,PH_S_1F_04_40
1887,PH,1F,04,41,PH_S_1F_04_41
1888,PH,1F,04,42,PH_S_1F_04_42
1889,PH,1F,04,43,PH_S_1F_04_43
1890,PH,1F,04,44,PH_S_1F_04_44
1891,PH,1F,04,45,PH_S_1F_04_45
1892,PH,1F,04,46,PH_S_1F_04_46
1893,PH,1F,04,47,PH_S_1F_04_47
1894,PH,1F,04,48,PH_S_1F_04_48
1895,PH,1F,04,49,PH_S_1F_04_49
1896,PH,1F,04,50,PH_S_1F_04_50
1897,PH,1F,04,51,PH_S_1F_04_51
1898,PH,1F,04,52,PH_S_1F_04_52
1899,PH,1F,05,26,PH_S_1F_05_26
1900,PH,1F,05,27,PH_S_1F_05_27
1901,PH,1F,05,28,PH_S_1F_05_28
1902,PH,1F,05,29,PH_S_1F_05_29
1903,PH,1F,05,30,PH_S_1F_05_30
1904,PH,1F,05,31,PH_S_1F_05_31
1905,PH,1F,05,32,PH_S_1F_05_32
1906,PH,1F,05,33,PH_S_1F_05_33
1907,PH,1F,05,34,PH_S_1F_05_34
1908,PH,1F,05,35,PH_S_1F_05_35
1909,PH,1F,05,36,PH_S_1F_05_36
1910,PH,1F,05,37,PH_S_1F_05_37
1911,PH,1F,05,38,PH_S_1F_05_38
1912,PH,1F,05,39,PH_S_1F_05_39
1913,PH,1F,05,40,PH_S_1F_05_40
1914,PH,1F,05,41,PH_S_1F_05_41
1915,PH,1F,05,42,PH_S_1F_05_42
1916,PH,1F,05,43,PH_S_1F_05_43
1917,PH,1F,05,44,PH_S_1F_05_44
1918,PH,1F,05,45,PH_S_1F_05_45
1919,PH,1F,05,46,PH_S_1F_05_46
1920,PH,1F,05,47,PH_S_1F_05_47
1921,PH,1F,05,48,PH_S_1F_05_48
1922,PH,1F,05,49,PH_S_1F_05_49
1923,PH,1F,05,50,PH_S_1F_05_50
1924,PH,1F,05,51,PH_S_1F_05_51
1925,PH,1F,05,52,PH_S_1F_05_52
1926,PH,1F,05,53,PH_S_1F_05_53
1927,PH,1F,06,25,PH_S_1F_06_25
1928,PH,1F,06,26,PH_S_1F_06_26
1929,PH,1F,06,27,PH_S_1F_06_27
1930,PH,1F,06,28,PH_S_1F_06_28
1931,PH,1F,06,29,PH_S_1F_06_29
1932,PH,1F,06,30,PH_S_1F_06_30
1933,PH,1F,06,31,PH_S_1F_06_31
1934,PH,1F,06,32,PH_S_1F_06_32
1935,PH,1F,06,33,PH_S_1F_06_33
1936,PH,1F,06,34,PH_S_1F_06_34
1937,PH,1F,06,35,PH_S_1F_06_35
1938,PH,1F,06,36,PH_S_1F_06_36
1939,PH,1F,06,37,PH_S_1F_06_37
1940,PH,1F,06,38,PH_S_1F_06_38
1941,PH,1F,06,39,PH_S_1F_06_39
1942,PH,1F,06,40,PH_S_1F_06_40
1943,PH,1F,06,41,PH_S_1F_06_41
1944,PH,1F,06,42,PH_S_1F_06_42
1945,PH,1F,06,43,PH_S_1F_06_43
1946,PH,1F,06,44,PH_S_1F_06_44
1947,PH,1F,06,45,PH_S_1F_06_45
1948,PH,1F,06,46,PH_S_1F_06_46
1949,PH,1F,06,47,PH_S_1F_06_47
1950,PH,1F,06,48,PH_S_1F_06_48
1951,PH,1F,06,49,PH_S_1F_06_49
1952,PH,1F,06,50,PH_S_1F_06_50
1953,PH,1F,06,51,PH_S_1F_06_51
1954,PH,1F,06,52,PH_S_1F_06_52
1955,PH,1F,06,53,PH_S_1F_06_53
1956,PH,1F,06,54,PH_S_1F_06_54
1957,PH,1F,07,24,PH_S_1F_07_24
1958,PH,1F,07,25,PH_S_1F_07_25
1959,PH,1F,07,26,PH_S_1F_07_26
1960,PH,1F,07,27,PH_S_1F_07_27
1961,PH,1F,07,28,PH_S_1F_07_28
1962,PH,1F,07,29,PH_S_1F_07_29
1963,PH,1F,07,30,PH_S_1F_07_30
1964,PH,1F,07,31,PH_S_1F_07_31
1965,PH,1F,07,32,PH_S_1F_07_32
1966,PH,1F,07,33,PH_S_1F_07_33
1967,PH,1F,07,34,PH_S_1F_07_34
1968,PH,1F,07,35,PH_S_1F_07_35
1969,PH,1F,07,36,PH_S_1F_07_36
1970,PH,1F,07,37,PH_S_1F_07_37
1971,PH,1F,07,38,PH_S_1F_07_38
1972,PH,1F,07,39,PH_S_1F_07_39
1973,PH,1F,07,40,PH_S_1F_07_40
1974,PH,1F,07,41,PH_S_1F_07_41
1975,PH,1F,07,42,PH_S_1F_07_42
1976,PH,1F,07,43,PH_S_1F_07_43
1977,PH,1F,07,44,PH_S_1F_07_44
1978,PH,1F,07,45,PH_S_1F_07_45
1979,PH,1F,07,46,PH_S_1F_07_46
1980,PH,1F,07,47,PH_S_1F_07_47
1981,PH,1F,07,48,PH_S_1F_07_48
1982,PH,1F,07,49,PH_S_1F_07_49
1983,PH,1F,07,50,PH_S_1F_07_50
1984,PH,1F,07,51,PH_S_1F_07_51
1985,PH,1F,07,52,PH_S_1F_07_52
1986,PH,1F,07,53,PH_S_1F_07_53
1987,PH,1F,07,54,PH_S_1F_07_54
1988,PH,1F,07,55,PH_S_1F_07_55
1989,PH,1F,08,23,PH_S_1F_08_23
1990,PH,1F,08,24,PH_S_1F_08_24
1991,PH,1F,08,25,PH_S_1F_08_25
1992,PH,1F,08,26,PH_S_1F_08_26
1993,PH,1F,08,27,PH_S_1F_08_27
1994,PH,1F,08,28,PH_S_1F_08_28
1995,PH,1F,08,29,PH_S_1F_08_29
1996,PH,1F,08,30,PH_S_1F_08_30
1997,PH,1F,08,31,PH_S_1F_08_31
1998,PH,1F,08,32,PH_S_1F_08_32
1999,PH,1F,08,33,PH_S_1F_08_33
2000,PH,1F,08,34,PH_S_1F_08_34
2001,PH,1F,08,35,PH_S_1F_08_35
2002,PH,1F,08,36,PH_S_1F_08_36
2003,PH,1F,08,37,PH_S_1F_08_37
2004,PH,1F,08,38,PH_S_1F_08_38
2005,PH,1F,08,39,PH_S_1F_08_39
2006,PH,1F,08,40,PH_S_1F_08_40
2007,PH,1F,08,41,PH_S_1F_08_41
2008,PH,1F,08,42,PH_S_1F_08_42
2009,PH,1F,08,43,PH_S_1F_08_43
2010,PH,1F,08,44,PH_S_1F_08_44
2011,PH,1F,08,45,PH_S_1F_08_45
2012,PH,1F,08,46,PH_S_1F_08_46
2013,PH,1F,08,47,PH_S_1F_08_47
2014,PH,1F,08,48,PH_S_1F_08_48
2015,PH,1F,08,49,PH_S_1F_08_49
2016,PH,1F,08,50,PH_S_1F_08_50
2017,PH,1F,08,51,PH_S_1F_08_51
2018,PH,1F,08,52,PH_S_1F_08_52
2019,PH,1F,08,53,PH_S_1F_08_53
2020,PH,1F,08,54,PH_S_1F_08_54
2021,PH,1F,08,55,PH_S_1F_08_55
2022,PH,1F,08,56,PH_S_1F_08_56
2023,PH,1F,09,24,PH_S_1F_09_24
2024,PH,1F,09,25,PH_S_1F_09_25
2025,PH,1F,09,26,PH_S_1F_09_26
2026,PH,1F,09,27,PH_S_1F_09_27
2027,PH,1F,09,28,PH_S_1F_09_28
2028,PH,1F,09,29,PH_S_1F_09_29
2029,PH,1F,09,30,PH_S_1F_09_30
2030,PH,1F,09,31,PH_S_1F_09_31
2031,PH,1F,09,32,PH_S_1F_09_32
2032,PH,1F,09,33,PH_S_1F_09_33
2033,PH,1F,09,34,PH_S_1F_09_34
2034,PH,1F,09,35,PH_S_1F_09_35
2035,PH,1F,09,36,PH_S_1F_09_36
2036,PH,1F,09,37,PH_S_1F_09_37
2037,PH,1F,09,38,PH_S_1F_09_38
2038,PH,1F,09,39,PH_S_1F_09_39
2039,PH,1F,09,40,PH_S_1F_09_40
2040,PH,1F,09,41,PH_S_1F_09_41
2041,PH,1F,09,42,PH_S_1F_09_42
2042,PH,1F,09,43,PH_S_1F_09_43
2043,PH,1F,09,44,PH_S_1F_09_44
2044,PH,1F,09,45,PH_S_1F_09_45
2045,PH,1F,09,46,PH_S_1F_09_46
2046,PH,1F,09,47,PH_S_1F_09_47
2047,PH,1F,09,48,PH_S_1F_09_48
2048,PH,1F,09,49,PH_S_1F_09_49
2049,PH,1F,09,50,PH_S_1F_09_50
2050,PH,1F,09,51,PH_S_1F_09_51
2051,PH,1F,09,52,PH_S_1F_09_52
2052,PH,1F,09,53,PH_S_1F_09_53
2053,PH,1F,09,54,PH_S_1F_09_54
2054,PH,1F,09,55,PH_S_1F_09_55
2055,PH,1F,10,19,PH_S_1F_10_19
2056,PH,1F,10,20,PH_S_1F_10_20
2057,PH,1F,10,21,PH_S_1F_10_21
2058,PH,1F,10,22,PH_S_1F_10_22
2059,PH,1F,10,23,PH_S_1F_10_23
2060,PH,1F,10,24,PH_S_1F_10_24
2061,PH,1F,10,25,PH_S_1F_10_25
2062,PH,1F,10,26,PH_S_1F_10_26
2063,PH,1F,10,27,PH_S_1F_10_27
2064,PH,1F,10,28,PH_S_1F_10_28
2065,PH,1F,10,29,PH_S_1F_10_29
2066,PH,1F,10,30,PH_S_1F_10_30
2067,PH,1F,10,31,PH_S_1F_10_31
2068,PH,1F,10,32,PH_S_1F_10_32
2069,PH,1F,10,33,PH_S_1F_10_33
2070,PH,1F,10,34,PH_S_1F_10_34
2071,PH,1F,10,35,PH_S_1F_10_35
2072,PH,1F,10,36,PH_S_1F_10_36
2073,PH,1F,10,37,PH_S_1F_10_37
2074,PH,1F,10,38,PH_S_1F_10_38
2075,PH,1F,10,39,PH_S_1F_10_39
2076,PH,1F,10,40,PH_S_1F_10_40
2077,PH,1F,10,41,PH_S_1F_10_41
2078,PH,1F,10,42,PH_S_1F_10_42
2079,PH,1F,10,43,PH_S_1F_10_43
2080,PH,1F,10,44,PH_S_1F_10_44
2081,PH,1F,10,45,PH_S_1F_10_45
2082,PH,1F,10,46,PH_S_1F_10_46
2083,PH,1F,10,47,PH_S_1F_10_47
2084,PH,1F,10,48,PH_S_1F_10_48
2085,PH,1F,10,49,PH_S_1F_10_49
2086,PH,1F,10,50,PH_S_1F_10_50
2087,PH,1F,10,51,PH_S_1F_10_51
2088,PH,1F,10,52,PH_S_1F_10_52
2089,PH,1F,10,53,PH_S_1F_10_53
2090,PH,1F,10,54,PH_S_1F_10_54
2091,PH,1F,10,55,PH_S_1F_10_55
2092,PH,1F,10,56,PH_S_1F_10_56
2093,PH,1F,10,57,PH_S_1F_10_57
2094,PH,1F,10,58,PH_S_1F_10_58
2095,PH,1F,10,59,PH_S_1F_10_59
2096,PH,1F,10,60,PH_S_1F_10_60
2097,PH,1F,10,61,PH_S_1F_10_61
2098,PH,1F,10,62,PH_S_1F_10_62
2099,PH,1F,10,63,PH_S_1F_10_63
2100,PH,1F,10,64,PH_S_1F_10_64
2101,PH,1F,11,18,PH_S_1F_11_18
2102,PH,1F,11,19,PH_S_1F_11_19
2103,PH,1F,11,20,PH_S_1F_11_20
2104,PH,1F,11,21,PH_S_1F_11_21
2105,PH,1F,11,22,PH_S_1F_11_22
2106,PH,1F,11,23,PH_S_1F_11_23
2107,PH,1F,11,24,PH_S_1F_11_24
2108,PH,1F,11,25,PH_S_1F_11_25
2109,PH,1F,11,26,PH_S_1F_11_26
2110,PH,1F,11,27,PH_S_1F_11_27
2111,PH,1F,11,28,PH_S_1F_11_28
2112,PH,1F,11,29,PH_S_1F_11_29
2113,PH,1F,11,30,PH_S_1F_11_30
2114,PH,1F,11,31,PH_S_1F_11_31
2115,PH,1F,11,32,PH_S_1F_11_32
2116,PH,1F,11,33,PH_S_1F_11_33
2117,PH,1F,11,34,PH_S_1F_11_34
2118,PH,1F,11,35,PH_S_1F_11_35
2119,PH,1F,11,36,PH_S_1F_11_36
2120,PH,1F,11,37,PH_S_1F_11_37
2121,PH,1F,11,38,PH_S_1F_11_38
2122,PH,1F,11,39,PH_S_1F_11_39
2123,PH,1F,11,40,PH_S_1F_11_40
2124,PH,1F,11,41,PH_S_1F_11_41
2125,PH,1F,11,42,PH_S_1F_11_42
2126,PH,1F,11,43,PH_S_1F_11_43
2127,PH,1F,11,44,PH_S_1F_11_44
2128,PH,1F,11,45,PH_S_1F_11_45
2129,PH,1F,11,46,PH_S_1F_11_46
2130,PH,1F,11,47,PH_S_1F_11_47
2131,PH,1F,11,48,PH_S_1F_11_48
2132,PH,1F,11,49,PH_S_1F_11_49
2133,PH,1F,11,50,PH_S_1F_11_50
2134,PH,1F,11,51,PH_S_1F_11_51
2135,PH,1F,11,52,PH_S_1F_11_52
2136,PH,1F,11,53,PH_S_1F_11_53
2137,PH,1F,11,54,PH_S_1F_11_54
2138,PH,1F,11,55,PH_S_1F_11_55
2139,PH,1F,11,56,PH_S_1F_11_56
2140,PH,1F,11,57,PH_S_1F_11_57
2141,PH,1F,11,58,PH_S_1F_11_58
2142,PH,1F,11,59,PH_S_1F_11_59
2143,PH,1F,11,60,PH_S_1F_11_60
2144,PH,1F,11,61,PH_S_1F_11_61
2145,PH,1F,11,62,PH_S_1F_11_62
2146,PH,1F,11,63,PH_S_1F_11_63
2147,PH,1F,11,64,PH_S_1F_11_64
2148,PH,1F,11,65,PH_S_1F_11_65
2149,PH,1F,11,66,PH_S_1F_11_66
2150,PH,1F,12,18,PH_S_1F_12_18
2151,PH,1F,12,19,PH_S_1F_12_19
2152,PH,1F,12,20,PH_S_1F_12_20
2153,PH,1F,12,21,PH_S_1F_12_21
2154,PH,1F,12,22,PH_S_1F_12_22
2155,PH,1F,12,23,PH_S_1F_12_23
2156,PH,1F,12,24,PH_S_1F_12_24
2157,PH,1F,12,25,PH_S_1F_12_25
2158,PH,1F,12,26,PH_S_1F_12_26
2159,PH,1F,12,27,PH_S_1F_12_27
2160,PH,1F,12,28,PH_S_1F_12_28
2161,PH,1F,12,29,PH_S_1F_12_29
2162,PH,1F,12,30,PH_S_1F_12_30
2163,PH,1F,12,31,PH_S_1F_12_31
2164,PH,1F,12,32,PH_S_1F_12_32
2165,PH,1F,12,33,PH_S_1F_12_33
2166,PH,1F,12,34,PH_S_1F_12_34
2167,PH,1F,12,35,PH_S_1F_12_35
2168,PH,1F,12,36,PH_S_1F_12_36
2169,PH,1F,12,37,PH_S_1F_12_37
2170,PH,1F,12,38,PH_S_1F_12_38
2171,PH,1F,12,39,PH_S_1F_12_39
2172,PH,1F,12,40,PH_S_1F_12_40
2173,PH,1F,12,41,PH_S_1F_12_41
2174,PH,1F,12,42,PH_S_1F_12_42
2175,PH,1F,12,43,PH_S_1F_12_43
2176,PH,1F,12,44,PH_S_1F_12_44
2177,PH,1F,12,45,PH_S_1F_12_45
2178,PH,1F,12,46,PH_S_1F_12_46
2179,PH,1F,12,47,PH_S_1F_12_47
2180,PH,1F,12,48,PH_S_1F_12_48
2181,PH,1F,12,49,PH_S_1F_12_49
2182,PH,1F,12,50,PH_S_1F_12_50
2183,PH,1F,12,51,PH_S_1F_12_51
2184,PH,1F,12,52,PH_S_1F_12_52
2185,PH,1F,12,53,PH_S_1F_12_53
2186,PH,1F,12,54,PH_S_1F_12_54
2187,PH,1F,12,55,PH_S_1F_12_55
2188,PH,1F,12,56,PH_S_1F_12_56
2189,PH,1F,12,57,PH_S_1F_12_57
2190,PH,1F,12,58,PH_S_1F_12_58
2191,PH,1F,12,59,PH_S_1F_12_59
2192,PH,1F,12,60,PH_S_1F_12_60
2193,PH,1F,12,61,PH_S_1F_12_61
2194,PH,1F,12,62,PH_S_1F_12_62
2195,PH,1F,12,63,PH_S_1F_12_63
2196,PH,1F,12,64,PH_S_1F_12_64
2197,PH,1F,12,65,PH_S_1F_12_65
2198,PH,1F,12,66,PH_S_1F_12_66
2199,PH,1F,13,17,PH_S_1F_13_17
2200,PH,1F,13,18,PH_S_1F_13_18
2201,PH,1F,13,19,PH_S_1F_13_19
2202,PH,1F,13,20,PH_S_1F_13_20
2203,PH,1F,13,21,PH_S_1F_13_21
2204,PH,1F,13,22,PH_S_1F_13_22
2205,PH,1F,13,23,PH_S_1F_13_23
2206,PH,1F,13,24,PH_S_1F_13_24
2207,PH,1F,13,25,PH_S_1F_13_25
2208,PH,1F,13,26,PH_S_1F_13_26
2209,PH,1F,13,27,PH_S_1F_13_27
2210,PH,1F,13,28,PH_S_1F_13_28
2211,PH,1F,13,29,PH_S_1F_13_29
2212,PH,1F,13,30,PH_S_1F_13_30
2213,PH,1F,13,31,PH_S_1F_13_31
2214,PH,1F,13,32,PH_S_1F_13_32
2215,PH,1F,13,33,PH_S_1F_13_33
2216,PH,1F,13,34,PH_S_1F_13_34
2217,PH,1F,13,35,PH_S_1F_13_35
2218,PH,1F,13,36,PH_S_1F_13_36
2219,PH,1F,13,37,PH_S_1F_13_37
2220,PH,1F,13,38,PH_S_1F_13_38
2221,PH,1F,13,39,PH_S_1F_13_39
2222,PH,1F,13,40,PH_S_1F_13_40
2223,PH,1F,13,41,PH_S_1F_13_41
2224,PH,1F,13,42,PH_S_1F_13_42
2225,PH,1F,13,43,PH_S_1F_13_43
2226,PH,1F,13,44,PH_S_1F_13_44
2227,PH,1F,13,45,PH_S_1F_13_45
2228,PH,1F,13,46,PH_S_1F_13_46
2229,PH,1F,13,47,PH_S_1F_13_47
2230,PH,1F,13,48,PH_S_1F_13_48
2231,PH,1F,13,49,PH_S_1F_13_49
2232,PH,1F,13,50,PH_S_1F_13_50
2233,PH,1F,13,51,PH_S_1F_13_51
2234,PH,1F,13,52,PH_S_1F_13_52
2235,PH,1F,13,53,PH_S_1F_13_53
2236,PH,1F,13,54,PH_S_1F_13_54
2237,PH,1F,13,55,PH_S_1F_13_55
2238,PH,1F,13,56,PH_S_1F_13_56
2239,PH,1F,13,57,PH_S_1F_13_57
2240,PH,1F,13,58,PH_S_1F_13_58
2241,PH,1F,13,59,PH_S_1F_13_59
2242,PH,1F,13,60,PH_S_1F_13_60
2243,PH,1F,13,61,PH_S_1F_13_61
2244,PH,1F,13,62,PH_S_1F_13_62
2245,PH,1F,13,63,PH_S_1F_13_63
2246,PH,1F,13,64,PH_S_1F_13_64
2247,PH,1F,13,65,PH_S_1F_13_65
2248,PH,1F,13,66,PH_S_1F_13_66
2249,PH,1F,13,67,PH_S_1F_13_67
2250,PH,1F,13,68,PH_S_1F_13_68
2251,PH,1F,14,17,PH_S_1F_14_17
2252,PH,1F,14,18,PH_S_1F_14_18
2253,PH,1F,14,19,PH_S_1F_14_19
2254,PH,1F,14,20,PH_S_1F_14_20
2255,PH,1F,14,21,PH_S_1F_14_21
2256,PH,1F,14,22,PH_S_1F_14_22
2257,PH,1F,14,23,PH_S_1F_14_23
2258,PH,1F,14,24,PH_S_1F_14_24
2259,PH,1F,14,25,PH_S_1F_14_25
2260,PH,1F,14,26,PH_S_1F_14_26
2261,PH,1F,14,27,PH_S_1F_14_27
2262,PH,1F,14,28,PH_S_1F_14_28
2263,PH,1F,14,29,PH_S_1F_14_29
2264,PH,1F,14,30,PH_S_1F_14_30
2265,PH,1F,14,31,PH_S_1F_14_31
2266,PH,1F,14,32,PH_S_1F_14_32
2267,PH,1F,14,33,PH_S_1F_14_33
2268,PH,1F,14,34,PH_S_1F_14_34
2269,PH,1F,14,35,PH_S_1F_14_35
2270,PH,1F,14,36,PH_S_1F_14_36
2271,PH,1F,14,37,PH_S_1F_14_37
2272,PH,1F,14,38,PH_S_1F_14_38
2273,PH,1F,14,39,PH_S_1F_14_39
2274,PH,1F,14,40,PH_S_1F_14_40
2275,PH,1F,14,41,PH_S_1F_14_41
2276,PH,1F,14,42,PH_S_1F_14_42
2277,PH,1F,14,43,PH_S_1F_14_43
2278,PH,1F,14,44,PH_S_1F_14_44
2279,PH,1F,14,45,PH_S_1F_14_45
2280,PH,1F,14,46,PH_S_1F_14_46
2281,PH,1F,14,47,PH_S_1F_14_47
2282,PH,1F,14,48,PH_S_1F_14_48
2283,PH,1F,14,49,PH_S_1F_14_49
2284,PH,1F,14,50,PH_S_1F_14_50
2285,PH,1F,14,51,PH_S_1F_14_51
2286,PH,1F,14,52,PH_S_1F_14_52
2287,PH,1F,14,53,PH_S_1F_14_53
2288,PH,1F,14,54,PH_S_1F_14_54
2289,PH,1F,14,55,PH_S_1F_14_55
2290,PH,1F,14,56,PH_S_1F_14_56
2291,PH,1F,14,57,PH_S_1F_14_57
2292,PH,1F,14,58,PH_S_1F_14_58
2293,PH,1F,14,59,PH_S_1F_14_59
2294,PH,1F,14,60,PH_S_1F_14_60
2295,PH,1F,14,61,PH_S_1F_14_61
2296,PH,1F,14,62,PH_S_1F_14_62
2297,PH,1F,14,63,PH_S_1F_14_63
2298,PH,1F,14,64,PH_S_1F_14_64
2299,PH,1F,14,65,PH_S_1F_14_65
2300,PH,1F,14,66,PH_S_1F_14_66
2301,PH,1F,14,67,PH_S_1F_14_67
2302,PH,1F,14,68,PH_S_1F_14_68
2303,PH,1F,15,16,PH_S_1F_15_16
2304,PH,1F,15,17,PH_S_1F_15_17
2305,PH,1F,15,18,PH_S_1F_15_18
2306,PH,1F,15,19,PH_S_1F_15_19
2307,PH,1F,15,20,PH_S_1F_15_20
2308,PH,1F,15,21,PH_S_1F_15_21
2309,PH,1F,15,22,PH_S_1F_15_22
2310,PH,1F,15,23,PH_S_1F_15_23
2311,PH,1F,15,24,PH_S_1F_15_24
2312,PH,1F,15,25,PH_S_1F_15_25
2313,PH,1F,15,26,PH_S_1F_15_26
2314,PH,1F,15,27,PH_S_1F_15_27
2315,PH,1F,15,28,PH_S_1F_15_28
2316,PH,1F,15,29,PH_S_1F_15_29
2317,PH,1F,15,30,PH_S_1F_15_30
2318,PH,1F,15,31,PH_S_1F_15_31
2319,PH,1F,15,32,PH_S_1F_15_32
2320,PH,1F,15,33,PH_S_1F_15_33
2321,PH,1F,15,34,PH_S_1F_15_34
2322,PH,1F,15,35,PH_S_1F_15_35
2323,PH,1F,15,36,PH_S_1F_15_36
2324,PH,1F,15,37,PH_S_1F_15_37
2325,PH,1F,15,38,PH_S_1F_15_38
2326,PH,1F,15,39,PH_S_1F_15_39
2327,PH,1F,15,40,PH_S_1F_15_40
2328,PH,1F,15,41,PH_S_1F_15_41
2329,PH,1F,15,42,PH_S_1F_15_42
2330,PH,1F,15,43,PH_S_1F_15_43
2331,PH,1F,15,44,PH_S_1F_15_44
2332,PH,1F,15,45,PH_S_1F_15_45
2333,PH,1F,15,46,PH_S_1F_15_46
2334,PH,1F,15,47,PH_S_1F_15_47
2335,PH,1F,15,48,PH_S_1F_15_48
2336,PH,1F,15,49,PH_S_1F_15_49
2337,PH,1F,15,50,PH_S_1F_15_50
2338,PH,1F,15,51,PH_S_1F_15_51
2339,PH,1F,15,52,PH_S_1F_15_52
2340,PH,1F,15,53,PH_S_1F_15_53
2341,PH,1F,15,54,PH_S_1F_15_54
2342,PH,1F,15,55,PH_S_1F_15_55
2343,PH,1F,15,56,PH_S_1F_15_56
2344,PH,1F,15,57,PH_S_1F_15_57
2345,PH,1F,15,58,PH_S_1F_15_58
2346,PH,1F,15,59,PH_S_1F_15_59
2347,PH,1F,15,60,PH_S_1F_15_60
2348,PH,1F,15,61,PH_S_1F_15_61
2349,PH,1F,15,62,PH_S_1F_15_62
2350,PH,1F,15,63,PH_S_1F_15_63
2351,PH,1F,15,64,PH_S_1F_15_64
2352,PH,1F,15,65,PH_S_1F_15_65
2353,PH,1F,15,66,PH_S_1F_15_66
2354,PH,1F,15,67,PH_S_1F_15_67
2355,PH,1F,15,68,PH_S_1F_15_68
2356,PH,1F,15,69,PH_S_1F_15_69
2357,PH,1F,15,70,PH_S_1F_15_70
2358,PH,1F,16,16,PH_S_1F_16_16
2359,PH,1F,16,17,PH_S_1F_16_17
2360,PH,1F,16,18,PH_S_1F_16_18
2361,PH,1F,16,19,PH_S_1F_16_19
2362,PH,1F,16,20,PH_S_1F_16_20
2363,PH,1F,16,21,PH_S_1F_16_21
2364,PH,1F,16,22,PH_S_1F_16_22
2365,PH,1F,16,23,PH_S_1F_16_23
2366,PH,1F,16,24,PH_S_1F_16_24
2367,PH,1F,16,25,PH_S_1F_16_25
2368,PH,1F,16,26,PH_S_1F_16_26
2369,PH,1F,16,27,PH_S_1F_16_27
2370,PH,1F,16,28,PH_S_1F_16_28
2371,PH,1F,16,29,PH_S_1F_16_29
2372,PH,1F,16,30,PH_S_1F_16_30
2373,PH,1F,16,31,PH_S_1F_16_31
2374,PH,1F,16,32,PH_S_1F_16_32
2375,PH,1F,16,33,PH_S_1F_16_33
2376,PH,1F,16,34,PH_S_1F_16_34
2377,PH,1F,16,35,PH_S_1F_16_35
2378,PH,1F,16,36,PH_S_1F_16_36
2379,PH,1F,16,37,PH_S_1F_16_37
2380,PH,1F,16,38,PH_S_1F_16_38
2381,PH,1F,16,39,PH_S_1F_16_39
2382,PH,1F,16,40,PH_S_1F_16_40
2383,PH,1F,16,41,PH_S_1F_16_41
2384,PH,1F,16,42,PH_S_1F_16_42
2385,PH,1F,16,43,PH_S_1F_16_43
2386,PH,1F,16,44,PH_S_1F_16_44
2387,PH,1F,16,45,PH_S_1F_16_45
2388,PH,1F,16,46,PH_S_1F_16_46
2389,PH,1F,16,47,PH_S_1F_16_47
2390,PH,1F,16,48,PH_S_1F_16_48
2391,PH,1F,16,49,PH_S_1F_16_49
2392,PH,1F,16,50,PH_S_1F_16_50
2393,PH,1F,16,51,PH_S_1F_16_51
2394,PH,1F,16,52,PH_S_1F_16_52
2395,PH,1F,16,53,PH_S_1F_16_53
2396,PH,1F,16,54,PH_S_1F_16_54
2397,PH,1F,16,55,PH_S_1F_16_55
2398,PH,1F,16,56,PH_S_1F_16_56
2399,PH,1F,16,57,PH_S_1F_16_57
2400,PH,1F,16,58,PH_S_1F_16_58
2401,PH,1F,16,59,PH_S_1F_16_59
2402,PH,1F,16,60,PH_S_1F_16_60
2403,PH,1F,16,61,PH_S_1F_16_61
2404,PH,1F,16,62,PH_S_1F_16_62
2405,PH,1F,16,63,PH_S_1F_16_63
2406,PH,1F,16,64,PH_S_1F_16_64
2407,PH,1F,16,65,PH_S_1F_16_65
2408,PH,1F,16,66,PH_S_1F_16_66
2409,PH,1F,16,67,PH_S_1F_16_67
2410,PH,1F,16,68,PH_S_1F_16_68
2411,PH,1F,16,69,PH_S_1F_16_69
2412,PH,1F,16,70,PH_S_1F_16_70
2413,PH,1F,17,15,PH_S_1F_17_15
2414,PH,1F,17,16,PH_S_1F_17_16
2415,PH,1F,17,17,PH_S_1F_17_17
2416,PH,1F,17,18,PH_S_1F_17_18
2417,PH,1F,17,19,PH_S_1F_17_19
2418,PH,1F,17,20,PH_S_1F_17_20
2419,PH,1F,17,21,PH_S_1F_17_21
2420,PH,1F,17,22,PH_S_1F_17_22
2421,PH,1F,17,23,PH_S_1F_17_23
2422,PH,1F,17,24,PH_S_1F_17_24
2423,PH,1F,17,25,PH_S_1F_17_25
2424,PH,1F,17,26,PH_S_1F_17_26
2425,PH,1F,17,27,PH_S_1F_17_27
2426,PH,1F,17,28,PH_S_1F_17_28
2427,PH,1F,17,29,PH_S_1F_17_29
2428,PH,1F,17,30,PH_S_1F_17_30
2429,PH,1F,17,31,PH_S_1F_17_31
2430,PH,1F,17,32,PH_S_1F_17_32
2431,PH,1F,17,33,PH_S_1F_17_33
2432,PH,1F,17,34,PH_S_1F_17_34
2433,PH,1F,17,35,PH_S_1F_17_35
2434,PH,1F,17,36,PH_S_1F_17_36
2435,PH,1F,17,37,PH_S_1F_17_37
2436,PH,1F,17,38,PH_S_1F_17_38
2437,PH,1F,17,39,PH_S_1F_17_39
2438,PH,1F,17,40,PH_S_1F_17_40
2439,PH,1F,17,41,PH_S_1F_17_41
2440,PH,1F,17,42,PH_S_1F_17_42
2441,PH,1F,17,43,PH_S_1F_17_43
2442,PH,1F,17,44,PH_S_1F_17_44
2443,PH,1F,17,45,PH_S_1F_17_45
2444,PH,1F,17,46,PH_S_1F_17_46
2445,PH,1F,17,47,PH_S_1F_17_47
2446,PH,1F,17,48,PH_S_1F_17_48
2447,PH,1F,17,49,PH_S_1F_17_49
2448,PH,1F,17,50,PH_S_1F_17_50
2449,PH,1F,17,51,PH_S_1F_17_51
2450,PH,1F,17,52,PH_S_1F_17_52
2451,PH,1F,17,53,PH_S_1F_17_53
2452,PH,1F,17,54,PH_S_1F_17_54
2453,PH,1F,17,55,PH_S_1F_17_55
2454,PH,1F,17,56,PH_S_1F_17_56
2455,PH,1F,17,57,PH_S_1F_17_57
2456,PH,1F,17,58,PH_S_1F_17_58
2457,PH,1F,17,59,PH_S_1F_17_59
2458,PH,1F,17,60,PH_S_1F_17_60
2459,PH,1F,17,61,PH_S_1F_17_61
2460,PH,1F,17,62,PH_S_1F_17_62
2461,PH,1F,17,63,PH_S_1F_17_63
2462,PH,1F,17,64,PH_S_1F_17_64
2463,PH,1F,17,65,PH_S_1F_17_65
2464,PH,1F,17,66,PH_S_1F_17_66
2465,PH,1F,17,67,PH_S_1F_17_67
2466,PH,1F,17,68,PH_S_1F_17_68
2467,PH,1F,17,69,PH_S_1F_17_69
2468,PH,1F,17,70,PH_S_1F_17_70
2469,PH,1F,17,71,PH_S_1F_17_71
2470,PH,1F,17,72,PH_S_1F_17_72
2471,PH,1F,18,15,PH_S_1F_18_15
2472,PH,1F,18,16,PH_S_1F_18_16
2473,PH,1F,18,17,PH_S_1F_18_17
2474,PH,1F,18,18,PH_S_1F_18_18
2475,PH,1F,18,19,PH_S_1F_18_19
2476,PH,1F,18,20,PH_S_1F_18_20
2477,PH,1F,18,21,PH_S_1F_18_21
2478,PH,1F,18,22,PH_S_1F_18_22
2479,PH,1F,18,23,PH_S_1F_18_23
2480,PH,1F,18,24,PH_S_1F_18_24
2481,PH,1F,18,25,PH_S_1F_18_25
2482,PH,1F,18,26,PH_S_1F_18_26
2483,PH,1F,18,27,PH_S_1F_18_27
2484,PH,1F,18,28,PH_S_1F_18_28
2485,PH,1F,18,29,PH_S_1F_18_29
2486,PH,1F,18,30,PH_S_1F_18_30
2487,PH,1F,18,31,PH_S_1F_18_31
2488,PH,1F,18,32,PH_S_1F_18_32
2489,PH,1F,18,33,PH_S_1F_18_33
2490,PH,1F,18,34,PH_S_1F_18_34
2491,PH,1F,18,35,PH_S_1F_18_35
2492,PH,1F,18,36,PH_S_1F_18_36
2493,PH,1F,18,37,PH_S_1F_18_37
2494,PH,1F,18,38,PH_S_1F_18_38
2495,PH,1F,18,39,PH_S_1F_18_39
2496,PH,1F,18,40,PH_S_1F_18_40
2497,PH,1F,18,41,PH_S_1F_18_41
2498,PH,1F,18,42,PH_S_1F_18_42
2499,PH,1F,18,43,PH_S_1F_18_43
2500,PH,1F,18,44,PH_S_1F_18_44
2501,PH,1F,18,45,PH_S_1F_18_45
2502,PH,1F,18,46,PH_S_1F_18_46
2503,PH,1F,18,47,PH_S_1F_18_47
2504,PH,1F,18,48,PH_S_1F_18_48
2505,PH,1F,18,49,PH_S_1F_18_49
2506,PH,1F,18,50,PH_S_1F_18_50
2507,PH,1F,18,51,PH_S_1F_18_51
2508,PH,1F,18,52,PH_S_1F_18_52
2509,PH,1F,18,53,PH_S_1F_18_53
2510,PH,1F,18,54,PH_S_1F_18_54
2511,PH,1F,18,55,PH_S_1F_18_55
2512,PH,1F,18,56,PH_S_1F_18_56
2513,PH,1F,18,57,PH_S_1F_18_57
2514,PH,1F,18,58,PH_S_1F_18_58
2515,PH,1F,18,59,PH_S_1F_18_59
2516,PH,1F,18,60,PH_S_1F_18_60
2517,PH,1F,18,61,PH_S_1F_18_61
2518,PH,1F,18,62,PH_S_1F_18_62
2519,PH,1F,18,63,PH_S_1F_18_63
2520,PH,1F,18,64,PH_S_1F_18_64
2521,PH,1F,18,65,PH_S_1F_18_65
2522,PH,1F,18,66,PH_S_1F_18_66
2523,PH,1F,18,67,PH_S_1F_18_67
2524,PH,1F,18,68,PH_S_1F_18_68
2525,PH,1F,18,69,PH_S_1F_18_69
2526,PH,1F,18,70,PH_S_1F_18_70
2527,PH,1F,18,71,PH_S_1F_18_71
2528,PH,1F,18,72,PH_S_1F_18_72
2529,PH,1F,19,14,PH_S_1F_19_14
2530,PH,1F,19,15,PH_S_1F_19_15
2531,PH,1F,19,16,PH_S_1F_19_16
2532,PH,1F,19,17,PH_S_1F_19_17
2533,PH,1F,19,18,PH_S_1F_19_18
2534,PH,1F,19,19,PH_S_1F_19_19
2535,PH,1F,19,20,PH_S_1F_19_20
2536,PH,1F,19,21,PH_S_1F_19_21
2537,PH,1F,19,22,PH_S_1F_19_22
2538,PH,1F,19,23,PH_S_1F_19_23
2539,PH,1F,19,24,PH_S_1F_19_24
2540,PH,1F,19,25,PH_S_1F_19_25
2541,PH,1F,19,26,PH_S_1F_19_26
2542,PH,1F,19,27,PH_S_1F_19_27
2543,PH,1F,19,28,PH_S_1F_19_28
2544,PH,1F,19,29,PH_S_1F_19_29
2545,PH,1F,19,30,PH_S_1F_19_30
2546,PH,1F,19,31,PH_S_1F_19_31
2547,PH,1F,19,32,PH_S_1F_19_32
2548,PH,1F,19,33,PH_S_1F_19_33
2549,PH,1F,19,34,PH_S_1F_19_34
2550,PH,1F,19,35,PH_S_1F_19_35
2551,PH,1F,19,36,PH_S_1F_19_36
2552,PH,1F,19,37,PH_S_1F_19_37
2553,PH,1F,19,38,PH_S_1F_19_38
2554,PH,1F,19,39,PH_S_1F_19_39
2555,PH,1F,19,40,PH_S_1F_19_40
2556,PH,1F,19,41,PH_S_1F_19_41
2557,PH,1F,19,42,PH_S_1F_19_42
2558,PH,1F,19,43,PH_S_1F_19_43
2559,PH,1F,19,44,PH_S_1F_19_44
2560,PH,1F,19,45,PH_S_1F_19_45
2561,PH,1F,19,46,PH_S_1F_19_46
2562,PH,1F,19,47,PH_S_1F_19_47
2563,PH,1F,19,48,PH_S_1F_19_48
2564,PH,1F,19,49,PH_S_1F_19_49
2565,PH,1F,19,50,PH_S_1F_19_50
2566,PH,1F,19,51,PH_S_1F_19_51
2567,PH,1F,19,52,PH_S_1F_19_52
2568,PH,1F,19,53,PH_S_1F_19_53
2569,PH,1F,19,54,PH_S_1F_19_54
2570,PH,1F,19,55,PH_S_1F_19_55
2571,PH,1F,19,56,PH_S_1F_19_56
2572,PH,1F,19,57,PH_S_1F_19_57
2573,PH,1F,19,58,PH_S_1F_19_58
2574,PH,1F,19,59,PH_S_1F_19_59
2575,PH,1F,19,60,PH_S_1F_19_60
2576,PH,1F,19,61,PH_S_1F_19_61
2577,PH,1F,19,62,PH_S_1F_19_62
2578,PH,1F,19,63,PH_S_1F_19_63
2579,PH,1F,19,64,PH_S_1F_19_64
2580,PH,1F,19,65,PH_S_1F_19_65
2581,PH,1F,19,66,PH_S_1F_19_66
2582,PH,1F,19,67,PH_S_1F_19_67
2583,PH,1F,19,68,PH_S_1F_19_68
2584,PH,1F,19,69,PH_S_1F_19_69
2585,PH,1F,19,70,PH_S_1F_19_70
2586,PH,1F,19,71,PH_S_1F_19_71
2587,PH,1F,19,72,PH_S_1F_19_72
2588,PH,1F,19,73,PH_S_1F_19_73
2589,PH,1F,19,74,PH_S_1F_19_74
2590,PH,1F,20,14,PH_S_1F_20_14
2591,PH,1F,20,15,PH_S_1F_20_15
2592,PH,1F,20,16,PH_S_1F_20_16
2593,PH,1F,20,17,PH_S_1F_20_17
2594,PH,1F,20,18,PH_S_1F_20_18
2595,PH,1F,20,19,PH_S_1F_20_19
2596,PH,1F,20,20,PH_S_1F_20_20
2597,PH,1F,20,21,PH_S_1F_20_21
2598,PH,1F,20,22,PH_S_1F_20_22
2599,PH,1F,20,23,PH_S_1F_20_23
2600,PH,1F,20,24,PH_S_1F_20_24
2601,PH,1F,20,25,PH_S_1F_20_25
2602,PH,1F,20,26,PH_S_1F_20_26
2603,PH,1F,20,27,PH_S_1F_20_27
2604,PH,1F,20,28,PH_S_1F_20_28
2605,PH,1F,20,29,PH_S_1F_20_29
2606,PH,1F,20,30,PH_S_1F_20_30
2607,PH,1F,20,31,PH_S_1F_20_31
2608,PH,1F,20,32,PH_S_1F_20_32
2609,PH,1F,20,33,PH_S_1F_20_33
2610,PH,1F,20,34,PH_S_1F_20_34
2611,PH,1F,20,35,PH_S_1F_20_35
2612,PH,1F,20,36,PH_S_1F_20_36
2613,PH,1F,20,37,PH_S_1F_20_37
2614,PH,1F,20,38,PH_S_1F_20_38
2615,PH,1F,20,50,PH_S_1F_20_50
2616,PH,1F,20,51,PH_S_1F_20_51
2617,PH,1F,20,52,PH_S_1F_20_52
2618,PH,1F,20,53,PH_S_1F_20_53
2619,PH,1F,20,54,PH_S_1F_20_54
2620,PH,1F,20,55,PH_S_1F_20_55
2621,PH,1F,20,56,PH_S_1F_20_56
2622,PH,1F,20,57,PH_S_1F_20_57
2623,PH,1F,20,58,PH_S_1F_20_58
2624,PH,1F,20,59,PH_S_1F_20_59
2625,PH,1F,20,60,PH_S_1F_20_60
2626,PH,1F,20,61,PH_S_1F_20_61
2627,PH,1F,20,62,PH_S_1F_20_62
2628,PH,1F,20,63,PH_S_1F_20_63
2629,PH,1F,20,64,PH_S_1F_20_64
2630,PH,1F,20,65,PH_S_1F_20_65
2631,PH,1F,20,66,PH_S_1F_20_66
2632,PH,1F,20,67,PH_S_1F_20_67
2633,PH,1F,20,68,PH_S_1F_20_68
2634,PH,1F,20,69,PH_S_1F_20_69
2635,PH,1F,20,70,PH_S_1F_20_70
2636,PH,1F,20,71,PH_S_1F_20_71
2637,PH,1F,20,72,PH_S_1F_20_72
2638,PH,1F,20,73,PH_S_1F_20_73
2639,PH,1F,20,74,PH_S_1F_20_74
2640,PH,1F,21,21,PH_S_1F_21_21
2641,PH,1F,21,22,PH_S_1F_21_22
2642,PH,1F,21,23,PH_S_1F_21_23
2643,PH,1F,21,24,PH_S_1F_21_24
2644,PH,1F,21,25,PH_S_1F_21_25
2645,PH,1F,21,26,PH_S_1F_21_26
2646,PH,1F,21,27,PH_S_1F_21_27
2647,PH,1F,21,28,PH_S_1F_21_28
2648,PH,1F,21,29,PH_S_1F_21_29
2649,PH,1F,21,30,PH_S_1F_21_30
2650,PH,1F,21,31,PH_S_1F_21_31
2651,PH,1F,21,32,PH_S_1F_21_32
2652,PH,1F,21,56,PH_S_1F_21_56
2653,PH,1F,21,57,PH_S_1F_21_57
2654,PH,1F,21,58,PH_S_1F_21_58
2655,PH,1F,21,59,PH_S_1F_21_59
2656,PH,1F,21,60,PH_S_1F_21_60
2657,PH,1F,21,61,PH_S_1F_21_61
2658,PH,1F,21,62,PH_S_1F_21_62
2659,PH,1F,21,63,PH_S_1F_21_63
2660,PH,1F,21,64,PH_S_1F_21_64
2661,PH,1F,21,65,PH_S_1F_21_65
2662,PH,1F,21,66,PH_S_1F_21_66
2663,PH,1F,21,67,PH_S_1F_21_67
2664,PH,2F,01,13,PH_S_2F_01_13
2665,PH,2F,01,14,PH_S_2F_01_14
2666,PH,2F,01,15,PH_S_2F_01_15
2667,PH,2F,01,16,PH_S_2F_01_16
2668,PH,2F,01,17,PH_S_2F_01_17
2669,PH,2F,01,18,PH_S_2F_01_18
2670,PH,2F,01,19,PH_S_2F_01_19
2671,PH,2F,01,20,PH_S_2F_01_20
2672,PH,2F,01,21,PH_S_2F_01_21
2673,PH,2F,01,22,PH_S_2F_01_22
2674,PH,2F,01,23,PH_S_2F_01_23
2675,PH,2F,01,24,PH_S_2F_01_24
2676,PH,2F,01,25,PH_S_2F_01_25
2677,PH,2F,01,26,PH_S_2F_01_26
2678,PH,2F,01,27,PH_S_2F_01_27
2679,PH,2F,01,28,PH_S_2F_01_28
2680,PH,2F,01,29,PH_S_2F_01_29
2681,PH,2F,01,30,PH_S_2F_01_30
2682,PH,2F,01,31,PH_S_2F_01_31
2683,PH,2F,01,32,PH_S_2F_01_32
2684,PH,2F,01,33,PH_S_2F_01_33
2685,PH,2F,01,34,PH_S_2F_01_34
2686,PH,2F,01,35,PH_S_2F_01_35
2687,PH,2F,01,36,PH_S_2F_01_36
2688,PH,2F,01,37,PH_S_2F_01_37
2689,PH,2F,01,38,PH_S_2F_01_38
2690,PH,2F,01,39,PH_S_2F_01_39
2691,PH,2F,01,40,PH_S_2F_01_40
2692,PH,2F,01,41,PH_S_2F_01_41
2693,PH,2F,01,42,PH_S_2F_01_42
2694,PH,2F,01,43,PH_S_2F_01_43
2695,PH,2F,01,44,PH_S_2F_01_44
2696,PH,2F,01,45,PH_S_2F_01_45
2697,PH,2F,01,46,PH_S_2F_01_46
2698,PH,2F,01,47,PH_S_2F_01_47
2699,PH,2F,01,48,PH_S_2F_01_48
2700,PH,2F,01,49,PH_S_2F_01_49
2701,PH,2F,01,50,PH_S_2F_01_50
2702,PH,2F,01,51,PH_S_2F_01_51
2703,PH,2F,01,52,PH_S_2F_01_52
2704,PH,2F,01,53,PH_S_2F_01_53
2705,PH,2F,01,54,PH_S_2F_01_54
2706,PH,2F,01,55,PH_S_2F_01_55
2707,PH,2F,01,56,PH_S_2F_01_56
2708,PH,2F,01,57,PH_S_2F_01_57
2709,PH,2F,01,58,PH_S_2F_01_58
2710,PH,2F,01,59,PH_S_2F_01_59
2711,PH,2F,01,60,PH_S_2F_01_60
2712,PH,2F,01,61,PH_S_2F_01_61
2713,PH,2F,01,62,PH_S_2F_01_62
2714,PH,2F,01,63,PH_S_2F_01_63
2715,PH,2F,01,64,PH_S_2F_01_64
2716,PH,2F,01,65,PH_S_2F_01_65
2717,PH,2F,01,66,PH_S_2F_01_66
2718,PH,2F,01,67,PH_S_2F_01_67
2719,PH,2F,01,68,PH_S_2F_01_68
2720,PH,2F,01,69,PH_S_2F_01_69
2721,PH,2F,01,70,PH_S_2F_01_70
2722,PH,2F,01,71,PH_S_2F_01_71
2723,PH,2F,01,72,PH_S_2F_01_72
2724,PH,2F,01,73,PH_S_2F_01_73
2725,PH,2F,02,13,PH_S_2F_02_13
2726,PH,2F,02,14,PH_S_2F_02_14
2727,PH,2F,02,15,PH_S_2F_02_15
2728,PH,2F,02,16,PH_S_2F_02_16
2729,PH,2F,02,17,PH_S_2F_02_17
2730,PH,2F,02,18,PH_S_2F_02_18
2731,PH,2F,02,19,PH_S_2F_02_19
2732,PH,2F,02,20,PH_S_2F_02_20
2733,PH,2F,02,21,PH_S_2F_02_21
2734,PH,2F,02,22,PH_S_2F_02_22
2735,PH,2F,02,23,PH_S_2F_02_23
2736,PH,2F,02,24,PH_S_2F_02_24
2737,PH,2F,02,25,PH_S_2F_02_25
2738,PH,2F,02,26,PH_S_2F_02_26
2739,PH,2F,02,27,PH_S_2F_02_27
2740,PH,2F,02,28,PH_S_2F_02_28
2741,PH,2F,02,29,PH_S_2F_02_29
2742,PH,2F,02,30,PH_S_2F_02_30
2743,PH,2F,02,31,PH_S_2F_02_31
2744,PH,2F,02,32,PH_S_2F_02_32
2745,PH,2F,02,33,PH_S_2F_02_33
2746,PH,2F,02,34,PH_S_2F_02_34
2747,PH,2F,02,35,PH_S_2F_02_35
2748,PH,2F,02,36,PH_S_2F_02_36
2749,PH,2F,02,37,PH_S_2F_02_37
2750,PH,2F,02,38,PH_S_2F_02_38
2751,PH,2F,02,39,PH_S_2F_02_39
2752,PH,2F,02,40,PH_S_2F_02_40
2753,PH,2F,02,41,PH_S_2F_02_41
2754,PH,2F,02,42,PH_S_2F_02_42
2755,PH,2F,02,43,PH_S_2F_02_43
2756,PH,2F,02,44,PH_S_2F_02_44
2757,PH,2F,02,45,PH_S_2F_02_45
2758,PH,2F,02,46,PH_S_2F_02_46
2759,PH,2F,02,47,PH_S_2F_02_47
2760,PH,2F,02,48,PH_S_2F_02_48
2761,PH,2F,02,49,PH_S_2F_02_49
2762,PH,2F,02,50,PH_S_2F_02_50
2763,PH,2F,02,51,PH_S_2F_02_51
2764,PH,2F,02,52,PH_S_2F_02_52
2765,PH,2F,02,53,PH_S_2F_02_53
2766,PH,2F,02,54,PH_S_2F_02_54
2767,PH,2F,02,55,PH_S_2F_02_55
2768,PH,2F,02,56,PH_S_2F_02_56
2769,PH,2F,02,57,PH_S_2F_02_57
2770,PH,2F,02,58,PH_S_2F_02_58
2771,PH,2F,02,59,PH_S_2F_02_59
2772,PH,2F,02,60,PH_S_2F_02_60
2773,PH,2F,02,61,PH_S_2F_02_61
2774,PH,2F,02,62,PH_S_2F_02_62
2775,PH,2F,02,63,PH_S_2F_02_63
2776,PH,2F,02,64,PH_S_2F_02_64
2777,PH,2F,02,65,PH_S_2F_02_65
2778,PH,2F,02,66,PH_S_2F_02_66
2779,PH,2F,02,67,PH_S_2F_02_67
2780,PH,2F,02,68,PH_S_2F_02_68
2781,PH,2F,02,69,PH_S_2F_02_69
2782,PH,2F,02,70,PH_S_2F_02_70
2783,PH,2F,02,71,PH_S_2F_02_71
2784,PH,2F,02,72,PH_S_2F_02_72
2785,PH,2F,02,73,PH_S_2F_02_73
2786,PH,2F,02,74,PH_S_2F_02_74
2787,PH,2F,03,12,PH_S_2F_03_12
2788,PH,2F,03,13,PH_S_2F_03_13
2789,PH,2F,03,14,PH_S_2F_03_14
2790,PH,2F,03,15,PH_S_2F_03_15
2791,PH,2F,03,16,PH_S_2F_03_16
2792,PH,2F,03,17,PH_S_2F_03_17
2793,PH,2F,03,18,PH_S_2F_03_18
2794,PH,2F,03,19,PH_S_2F_03_19
2795,PH,2F,03,20,PH_S_2F_03_20
2796,PH,2F,03,21,PH_S_2F_03_21
2797,PH,2F,03,22,PH_S_2F_03_22
2798,PH,2F,03,23,PH_S_2F_03_23
2799,PH,2F,03,24,PH_S_2F_03_24
2800,PH,2F,03,25,PH_S_2F_03_25
2801,PH,2F,03,26,PH_S_2F_03_26
2802,PH,2F,03,27,PH_S_2F_03_27
2803,PH,2F,03,28,PH_S_2F_03_28
2804,PH,2F,03,29,PH_S_2F_03_29
2805,PH,2F,03,30,PH_S_2F_03_30
2806,PH,2F,03,31,PH_S_2F_03_31
2807,PH,2F,03,32,PH_S_2F_03_32
2808,PH,2F,03,33,PH_S_2F_03_33
2809,PH,2F,03,34,PH_S_2F_03_34
2810,PH,2F,03,35,PH_S_2F_03_35
2811,PH,2F,03,36,PH_S_2F_03_36
2812,PH,2F,03,37,PH_S_2F_03_37
2813,PH,2F,03,38,PH_S_2F_03_38
2814,PH,2F,03,39,PH_S_2F_03_39
2815,PH,2F,03,40,PH_S_2F_03_40
2816,PH,2F,03,41,PH_S_2F_03_41
2817,PH,2F,03,42,PH_S_2F_03_42
2818,PH,2F,03,43,PH_S_2F_03_43
2819,PH,2F,03,44,PH_S_2F_03_44
2820,PH,2F,03,45,PH_S_2F_03_45
2821,PH,2F,03,46,PH_S_2F_03_46
2822,PH,2F,03,47,PH_S_2F_03_47
2823,PH,2F,03,48,PH_S_2F_03_48
2824,PH,2F,03,49,PH_S_2F_03_49
2825,PH,2F,03,50,PH_S_2F_03_50
2826,PH,2F,03,51,PH_S_2F_03_51
2827,PH,2F,03,52,PH_S_2F_03_52
2828,PH,2F,03,53,PH_S_2F_03_53
2829,PH,2F,03,54,PH_S_2F_03_54
2830,PH,2F,03,55,PH_S_2F_03_55
2831,PH,2F,03,56,PH_S_2F_03_56
2832,PH,2F,03,57,PH_S_2F_03_57
2833,PH,2F,03,58,PH_S_2F_03_58
2834,PH,2F,03,59,PH_S_2F_03_59
2835,PH,2F,03,60,PH_S_2F_03_60
2836,PH,2F,03,61,PH_S_2F_03_61
2837,PH,2F,03,62,PH_S_2F_03_62
2838,PH,2F,03,63,PH_S_2F_03_63
2839,PH,2F,03,64,PH_S_2F_03_64
2840,PH,2F,03,65,PH_S_2F_03_65
2841,PH,2F,03,66,PH_S_2F_03_66
2842,PH,2F,03,67,PH_S_2F_03_67
2843,PH,2F,03,68,PH_S_2F_03_68
2844,PH,2F,03,69,PH_S_2F_03_69
2845,PH,2F,03,70,PH_S_2F_03_70
2846,PH,2F,03,71,PH_S_2F_03_71
2847,PH,2F,03,72,PH_S_2F_03_72
2848,PH,2F,03,73,PH_S_2F_03_73
2849,PH,2F,03,74,PH_S_2F_03_74
2850,PH,2F,03,75,PH_S_2F_03_75
2851,TP,B1,A3,01,TP_S_B1_A3_01
2852,TP,B1,A3,02,TP_S_B1_A3_02
2853,TP,B1,A3,03,TP_S_B1_A3_03
2854,TP,B1,A3,04,TP_S_B1_A3_04
2855,TP,B1,A3,05,TP_S_B1_A3_05
2856,TP,B1,A3,06,TP_S_B1_A3_06
2857,TP,B1,A3,07,TP_S_B1_A3_07
2858,TP,B1,A3,08,TP_S_B1_A3_08
2859,TP,B1,A3,09,TP_S_B1_A3_09
2860,TP,B1,A3,10,TP_S_B1_A3_10
2861,TP,B1,A3,11,TP_S_B1_A3_11
2862,TP,B1,A3,12,TP_S_B1_A3_12
2863,TP,B1,A3,13,TP_S_B1_A3_13
2864,TP,B1,A3,14,TP_S_B1_A3_14
2865,TP,B1,A3,15,TP_S_B1_A3_15
2866,TP,B1,A3,16,TP_S_B1_A3_16
2867,TP,B1,A3,17,TP_S_B1_A3_17
2868,TP,B1,A3,18,TP_S_B1_A3_18
2869,TP,B1,B1,01,TP_S_B1_B1_01
2870,TP,B1,B1,02,TP_S_B1_B1_02
2871,TP,B1,B1,03,TP_S_B1_B1_03
2872,TP,B1,B1,04,TP_S_B1_B1_04
2873,TP,B1,B1,05,TP_S_B1_B1_05
2874,TP,B1,B1,06,TP_S_B1_B1_06
2875,TP,B1,B1,07,TP_S_B1_B1_07
2876,TP,B1,B1,08,TP_S_B1_B1_08
2877,TP,B1,B1,09,TP_S_B1_B1_09
2878,TP,B1,B1,10,TP_S_B1_B1_10
2879,TP,B1,B1,11,TP_S_B1_B1_11
2880,TP,B1,B1,12,TP_S_B1_B1_12
2881,TP,B1,B1,13,TP_S_B1_B1_13
2882,TP,B1,B1,14,TP_S_B1_B1_14
2883,TP,B1,B1,15,TP_S_B1_B1_15
2884,TP,B1,B1,16,TP_S_B1_B1_16
2885,TP,B1,B1,17,TP_S_B1_B1_17
2886,TP,B1,B1,18,TP_S_B1_B1_18
2887,TP,B1,B2,01,TP_S_B1_B2_01
2888,TP,B1,B2,02,TP_S_B1_B2_02
2889,TP,B1,B2,03,TP_S_B1_B2_03
2890,TP,B1,B2,04,TP_S_B1_B2_04
2891,TP,B1,B2,05,TP_S_B1_B2_05
2892,TP,B1,B2,06,TP_S_B1_B2_06
2893,TP,B1,B2,07,TP_S_B1_B2_07
2894,TP,B1,B2,08,TP_S_B1_B2_08
2895,TP,B1,B2,09,TP_S_B1_B2_09
2896,TP,B1,B2,10,TP_S_B1_B2_10
2897,TP,B1,B2,11,TP_S_B1_B2_11
2898,TP,B1,B2,12,TP_S_B1_B2_12
2899,TP,B1,B2,13,TP_S_B1_B2_13
2900,TP,B1,B2,14,TP_S_B1_B2_14
2901,TP,B1,B2,15,TP_S_B1_B2_15
2902,TP,B1,B2,16,TP_S_B1_B2_16
2903,TP,B1,B2,17,TP_S_B1_B2_17
2904,TP,B1,B2,18,TP_S_B1_B2_18
2905,TP,B1,B3,01,TP_S_B1_B3_01
2906,TP,B1,B3,02,TP_S_B1_B3_02
2907,TP,B1,B3,03,TP_S_B1_B3_03
2908,TP,B1,B3,04,TP_S_B1_B3_04
2909,TP,B1,B3,05,TP_S_B1_B3_05
2910,TP,B1,B3,06,TP_S_B1_B3_06
2911,TP,B1,B3,07,TP_S_B1_B3_07
2912,TP,B1,B3,08,TP_S_B1_B3_08
2913,TP,B1,B3,09,TP_S_B1_B3_09
2914,TP,B1,B3,10,TP_S_B1_B3_10
2915,TP,B1,B3,11,TP_S_B1_B3_11
2916,TP,B1,B3,12,TP_S_B1_B3_12
2917,TP,B1,B3,13,TP_S_B1_B3_13
2918,TP,B1,B3,14,TP_S_B1_B3_14
2919,TP,B1,B3,15,TP_S_B1_B3_15
2920,TP,B1,B3,16,TP_S_B1_B3_16
2921,TP,B1,B3,17,TP_S_B1_B3_17
2922,TP,B1,B3,18,TP_S_B1_B3_18
2923,TP,B1,C1,01,TP_S_B1_C1_01
2924,TP,B1,C1,02,TP_S_B1_C1_02
2925,TP,B1,C1,03,TP_S_B1_C1_03
2926,TP,B1,C1,04,TP_S_B1_C1_04
2927,TP,B1,C1,05,TP_S_B1_C1_05
2928,TP,B1,C1,06,TP_S_B1_C1_06
2929,TP,B1,C1,07,TP_S_B1_C1_07
2930,TP,B1,C1,08,TP_S_B1_C1_08
2931,TP,B1,C1,09,TP_S_B1_C1_09
2932,TP,B1,C1,10,TP_S_B1_C1_10
2933,TP,B1,C1,11,TP_S_B1_C1_11
2934,TP,B1,C1,12,TP_S_B1_C1_12
2935,TP,B1,C1,13,TP_S_B1_C1_13
2936,TP,B1,C1,14,TP_S_B1_C1_14
2937,TP,B1,C1,15,TP_S_B1_C1_15
2938,TP,B1,C1,16,TP_S_B1_C1_16
2939,TP,B1,C1,17,TP_S_B1_C1_17
2940,TP,B1,C1,18,TP_S_B1_C1_18
2941,TP,B1,C2,01,TP_S_B1_C2_01
2942,TP,B1,C2,02,TP_S_B1_C2_02
2943,TP,B1,C2,03,TP_S_B1_C2_03
2944,TP,B1,C2,04,TP_S_B1_C2_04
2945,TP,B1,C2,05,TP_S_B1_C2_05
2946,TP,B1,C2,06,TP_S_B1_C2_06
2947,TP,B1,C2,07,TP_S_B1_C2_07
2948,TP,B1,C2,08,TP_S_B1_C2_08
2949,TP,B1,C2,09,TP_S_B1_C2_09
2950,TP,B1,C2,10,TP_S_B1_C2_10
2951,TP,B1,C2,11,TP_S_B1_C2_11
2952,TP,B1,C2,12,TP_S_B1_C2_12
2953,TP,B1,C2,13,TP_S_B1_C2_13
2954,TP,B1,C2,14,TP_S_B1_C2_14
2955,TP,B1,C2,15,TP_S_B1_C2_15
2956,TP,B1,C2,16,TP_S_B1_C2_16
2957,TP,B1,C2,17,TP_S_B1_C2_17
2958,TP,B1,C2,18,TP_S_B1_C2_18
2959,TP,B1,C3,01,TP_S_B1_C3_01
2960,TP,B1,C3,02,TP_S_B1_C3_02
2961,TP,B1,C3,03,TP_S_B1_C3_03
2962,TP,B1,C3,04,TP_S_B1_C3_04
2963,TP,B1,C3,05,TP_S_B1_C3_05
2964,TP,B1,C3,06,TP_S_B1_C3_06
2965,TP,B1,C3,07,TP_S_B1_C3_07
2966,TP,B1,C3,08,TP_S_B1_C3_08
2967,TP,B1,C3,09,TP_S_B1_C3_09
2968,TP,B1,C3,10,TP_S_B1_C3_10
2969,TP,B1,C3,11,TP_S_B1_C3_11
2970,TP,B1,C3,12,TP_S_B1_C3_12
2971,TP,B1,C3,13,TP_S_B1_C3_13
2972,TP,B1,C3,14,TP_S_B1_C3_14
2973,TP,B1,C3,15,TP_S_B1_C3_15
2974,TP,B1,C3,16,TP_S_B1_C3_16
2975,TP,B1,C3,17,TP_S_B1_C3_17
2976,TP,B1,C3,18,TP_S_B1_C3_18
2977,TP,B1,C4,01,TP_S_B1_C4_01
2978,TP,B1,C4,02,TP_S_B1_C4_02
2979,TP,B1,C4,03,TP_S_B1_C4_03
2980,TP,B1,C4,04,TP_S_B1_C4_04
2981,TP,B1,C4,05,TP_S_B1_C4_05
2982,TP,B1,C4,06,TP_S_B1_C4_06
2983,TP,B1,C4,07,TP_S_B1_C4_07
2984,TP,B1,C4,08,TP_S_B1_C4_08
2985,TP,B1,C4,09,TP_S_B1_C4_09
2986,TP,B1,C4,10,TP_S_B1_C4_10
2987,TP,B1,C4,11,TP_S_B1_C4_11
2988,TP,B1,C4,12,TP_S_B1_C4_12
2989,TP,B1,C4,13,TP_S_B1_C4_13
2990,TP,B1,C4,14,TP_S_B1_C4_14
2991,TP,B1,C4,15,TP_S_B1_C4_15
2992,TP,B1,C4,16,TP_S_B1_C4_16
2993,TP,B1,C4,17,TP_S_B1_C4_17
2994,TP,B1,C4,18,TP_S_B1_C4_18
2995,TP,B1,C5,01,TP_S_B1_C5_01
2996,TP,B1,C5,02,TP_S_B1_C5_02
2997,TP,B1,C5,03,TP_S_B1_C5_03
2998,TP,B1,C5,04,TP_S_B1_C5_04
2999,TP,B1,C5,05,TP_S_B1_C5_05
3000,TP,B1,C5,06,TP_S_B1_C5_06
3001,TP,B1,C5,07,TP_S_B1_C5_07
3002,TP,B1,C5,08,TP_S_B1_C5_08
3003,TP,B1,C5,09,TP_S_B1_C5_09
3004,TP,B1,C5,10,TP_S_B1_C5_10
3005,TP,B1,C5,11,TP_S_B1_C5_11
3006,TP,B1,C5,12,TP_S_B1_C5_12
3007,TP,B1,C5,13,TP_S_B1_C5_13
3008,TP,B1,C5,14,TP_S_B1_C5_14
3009,TP,B1,C5,15,TP_S_B1_C5_15
3010,TP,B1,C5,16,TP_S_B1_C5_16
3011,TP,B1,C5,17,TP_S_B1_C5_17
3012,TP,B1,C5,18,TP_S_B1_C5_18
3013,TP,B1,C6,01,TP_S_B1_C6_01
3014,TP,B1,C6,02,TP_S_B1_C6_02
3015,TP,B1,C6,03,TP_S_B1_C6_03
3016,TP,B1,C6,04,TP_S_B1_C6_04
3017,TP,B1,C6,05,TP_S_B1_C6_05
3018,TP,B1,C6,06,TP_S_B1_C6_06
3019,TP,B1,C6,07,TP_S_B1_C6_07
3020,TP,B1,C6,08,TP_S_B1_C6_08
3021,TP,B1,C6,09,TP_S_B1_C6_09
3022,TP,B1,C6,10,TP_S_B1_C6_10
3023,TP,B1,C6,11,TP_S_B1_C6_11
3024,TP,B1,C6,12,TP_S_B1_C6_12
3025,TP,B1,C6,13,TP_S_B1_C6_13
3026,TP,B1,C6,14,TP_S_B1_C6_14
3027,TP,B1,C6,15,TP_S_B1_C6_15
3028,TP,B1,C6,16,TP_S_B1_C6_16
3029,TP,B1,C6,17,TP_S_B1_C6_17
3030,TP,B1,C6,18,TP_S_B1_C6_18
3031,TP,B1,D1,01,TP_S_B1_D1_01
3032,TP,B1,D1,02,TP_S_B1_D1_02
3033,TP,B1,D1,03,TP_S_B1_D1_03
3034,TP,B1,D1,04,TP_S_B1_D1_04
3035,TP,B1,D1,05,TP_S_B1_D1_05
3036,TP,B1,D1,06,TP_S_B1_D1_06
3037,TP,B1,D1,07,TP_S_B1_D1_07
3038,TP,B1,D1,08,TP_S_B1_D1_08
3039,TP,B1,D1,09,TP_S_B1_D1_09
3040,TP,B1,D1,10,TP_S_B1_D1_10
3041,TP,B1,D1,11,TP_S_B1_D1_11
3042,TP,B1,D1,12,TP_S_B1_D1_12
3043,TP,B1,D1,13,TP_S_B1_D1_13
3044,TP,B1,D1,14,TP_S_B1_D1_14
3045,TP,B1,D1,15,TP_S_B1_D1_15
3046,TP,B1,D1,16,TP_S_B1_D1_16
3047,TP,B1,D1,17,TP_S_B1_D1_17
3048,TP,B1,D1,18,TP_S_B1_D1_18
3049,TP,B1,D2,01,TP_S_B1_D2_01
3050,TP,B1,D2,02,TP_S_B1_D2_02
3051,TP,B1,D2,03,TP_S_B1_D2_03
3052,TP,B1,D2,04,TP_S_B1_D2_04
3053,TP,B1,D2,05,TP_S_B1_D2_05
3054,TP,B1,D2,06,TP_S_B1_D2_06
3055,TP,B1,D2,07,TP_S_B1_D2_07
3056,TP,B1,D2,08,TP_S_B1_D2_08
3057,TP,B1,D2,09,TP_S_B1_D2_09
3058,TP,B1,D2,10,TP_S_B1_D2_10
3059,TP,B1,D2,11,TP_S_B1_D2_11
3060,TP,B1,D2,12,TP_S_B1_D2_12
3061,TP,B1,D2,13,TP_S_B1_D2_13
3062,TP,B1,D2,14,TP_S_B1_D2_14
3063,TP,B1,D2,15,TP_S_B1_D2_15
3064,TP,B1,D2,16,TP_S_B1_D2_16
3065,TP,B1,D2,17,TP_S_B1_D2_17
3066,TP,B1,D2,18,TP_S_B1_D2_18
3067,TP,B1,D3,01,TP_S_B1_D3_01
3068,TP,B1,D3,02,TP_S_B1_D3_02
3069,TP,B1,D3,03,TP_S_B1_D3_03
3070,TP,B1,D3,04,TP_S_B1_D3_04
3071,TP,B1,D3,05,TP_S_B1_D3_05
3072,TP,B1,D3,06,TP_S_B1_D3_06
3073,TP,B1,D3,07,TP_S_B1_D3_07
3074,TP,B1,D3,08,TP_S_B1_D3_08
3075,TP,B1,D3,09,TP_S_B1_D3_09
3076,TP,B1,D3,10,TP_S_B1_D3_10
3077,TP,B1,D3,11,TP_S_B1_D3_11
3078,TP,B1,D3,12,TP_S_B1_D3_12
3079,TP,B1,D3,13,TP_S_B1_D3_13
3080,TP,B1,D3,14,TP_S_B1_D3_14
3081,TP,B1,D3,15,TP_S_B1_D3_15
3082,TP,B1,D3,16,TP_S_B1_D3_16
3083,TP,B1,D3,17,TP_S_B1_D3_17
3084,TP,B1,D3,18,TP_S_B1_D3_18
3085,TP,B1,D4,01,TP_S_B1_D4_01
3086,TP,B1,D4,02,TP_S_B1_D4_02
3087,TP,B1,D4,03,TP_S_B1_D4_03
3088,TP,B1,D4,04,TP_S_B1_D4_04
3089,TP,B1,D4,05,TP_S_B1_D4_05
3090,TP,B1,D4,06,TP_S_B1_D4_06
3091,TP,B1,D4,07,TP_S_B1_D4_07
3092,TP,B1,D4,08,TP_S_B1_D4_08
3093,TP,B1,D4,09,TP_S_B1_D4_09
3094,TP,B1,D4,10,TP_S_B1_D4_10
3095,TP,B1,D4,11,TP_S_B1_D4_11
3096,TP,B1,D4,12,TP_S_B1_D4_12
3097,TP,B1,D4,13,TP_S_B1_D4_13
3098,TP,B1,D4,14,TP_S_B1_D4_14
3099,TP,B1,D4,15,TP_S_B1_D4_15
3100,TP,B1,D4,16,TP_S_B1_D4_16
3101,TP,B1,D4,17,TP_S_B1_D4_17
3102,TP,B1,D4,18,TP_S_B1_D4_18
3103,TP,B1,D5,01,TP_S_B1_D5_01
3104,TP,B1,D5,02,TP_S_B1_D5_02
3105,TP,B1,D5,03,TP_S_B1_D5_03
3106,TP,B1,D5,04,TP_S_B1_D5_04
3107,TP,B1,D5,05,TP_S_B1_D5_05
3108,TP,B1,D5,06,TP_S_B1_D5_06
3109,TP,B1,D5,07,TP_S_B1_D5_07
3110,TP,B1,D5,08,TP_S_B1_D5_08
3111,TP,B1,D5,09,TP_S_B1_D5_09
3112,TP,B1,D5,10,TP_S_B1_D5_10
3113,TP,B1,D5,11,TP_S_B1_D5_11
3114,TP,B1,D5,12,TP_S_B1_D5_12
3115,TP,B1,D5,13,TP_S_B1_D5_13
3116,TP,B1,D5,14,TP_S_B1_D5_14
3117,TP,B1,D5,15,TP_S_B1_D5_15
3118,TP,B1,D5,16,TP_S_B1_D5_16
3119,TP,B1,D5,17,TP_S_B1_D5_17
3120,TP,B1,D5,18,TP_S_B1_D5_18
3121,TP,B1,D6,01,TP_S_B1_D6_01
3122,TP,B1,D6,02,TP_S_B1_D6_02
3123,TP,B1,D6,03,TP_S_B1_D6_03
3124,TP,B1,D6,04,TP_S_B1_D6_04
3125,TP,B1,D6,05,TP_S_B1_D6_05
3126,TP,B1,D6,06,TP_S_B1_D6_06
3127,TP,B1,D6,07,TP_S_B1_D6_07
3128,TP,B1,D6,08,TP_S_B1_D6_08
3129,TP,B1,D6,09,TP_S_B1_D6_09
3130,TP,B1,D6,10,TP_S_B1_D6_10
3131,TP,B1,D6,11,TP_S_B1_D6_11
3132,TP,B1,D6,12,TP_S_B1_D6_12
3133,TP,B1,D6,13,TP_S_B1_D6_13
3134,TP,B1,D6,14,TP_S_B1_D6_14
3135,TP,B1,D6,15,TP_S_B1_D6_15
3136,TP,B1,D6,16,TP_S_B1_D6_16
3137,TP,B1,D6,17,TP_S_B1_D6_17
3138,TP,B1,D6,18,TP_S_B1_D6_18
3139,TP,B1,CB,01,TP_S_B1_CB_01
3140,TP,B1,CB,02,TP_S_B1_CB_02
3141,TP,B1,CB,03,TP_S_B1_CB_03
3142,TP,B1,CB,04,TP_S_B1_CB_04
3143,TP,B1,CB,05,TP_S_B1_CB_05
3144,TP,B1,CB,06,TP_S_B1_CB_06
3145,TP,B1,CB,07,TP_S_B1_CB_07
3146,TP,B1,CB,08,TP_S_B1_CB_08
3147,TP,B1,CB,09,TP_S_B1_CB_09
3148,TP,B1,CB,10,TP_S_B1_CB_10
3149,TP,B1,CB,11,TP_S_B1_CB_11
3150,TP,B1,CB,12,TP_S_B1_CB_12
3151,TP,B1,CB,13,TP_S_B1_CB_13
3152,TP,B1,CB,14,TP_S_B1_CB_14
3153,TP,B1,CB,15,TP_S_B1_CB_15
3154,TP,B1,CB,16,TP_S_B1_CB_16
3155,TP,B1,CB,17,TP_S_B1_CB_17
3156,TP,B1,CB,18,TP_S_B1_CB_18
3157,TP,B1,LB,15,TP_S_B1_LB_15
3158,TP,B1,LB,16,TP_S_B1_LB_16
3159,TP,B1,LB,17,TP_S_B1_LB_17
3160,TP,B1,LB,18,TP_S_B1_LB_18
3161,TP,B1,LB,19,TP_S_B1_LB_19
3162,TP,B1,LB,20,TP_S_B1_LB_20
3163,TP,B1,LB,21,TP_S_B1_LB_21
3164,TP,B1,LB,22,TP_S_B1_LB_22
3165,TP,B1,LB,23,TP_S_B1_LB_23
3166,TP,B1,LB,24,TP_S_B1_LB_24
3167,TP,B1,LB,25,TP_S_B1_LB_25
3168,TP,B1,LB,26,TP_S_B1_LB_26
3169,TP,B1,LB,27,TP_S_B1_LB_27
3170,TP,B1,LB,28,TP_S_B1_LB_28
3171,TP,B1,LB,29,TP_S_B1_LB_29
3172,TP,B1,LB,30,TP_S_B1_LB_30
3173,TP,B1,LB,31,TP_S_B1_LB_31
3174,TP,B1,LB,32,TP_S_B1_LB_32
3175,TP,B1,LB,33,TP_S_B1_LB_33
3176,TP,B1,LB,34,TP_S_B1_LB_34
3177,TP,B1,LB,35,TP_S_B1_LB_35
3178,TP,B1,LB,36,TP_S_B1_LB_36
3179,TP,B1,LB,37,TP_S_B1_LB_37
3180,TP,B1,LB,38,TP_S_B1_LB_38
3181,TP,B1,LB,39,TP_S_B1_LB_39
3182,TP,B1,LB,40,TP_S_B1_LB_40
3183,TP,B1,RB,15,TP_S_B1_RB_15
3184,TP,B1,RB,16,TP_S_B1_RB_16
3185,TP,B1,RB,17,TP_S_B1_RB_17
3186,TP,B1,RB,18,TP_S_B1_RB_18
3187,TP,B1,RB,19,TP_S_B1_RB_19
3188,TP,B1,RB,20,TP_S_B1_RB_20
3189,TP,B1,RB,21,TP_S_B1_RB_21
3190,TP,B1,RB,22,TP_S_B1_RB_22
3191,TP,B1,RB,23,TP_S_B1_RB_23
3192,TP,B1,RB,24,TP_S_B1_RB_24
3193,TP,B1,RB,25,TP_S_B1_RB_25
3194,TP,B1,RB,26,TP_S_B1_RB_26
3195,TP,B1,RB,27,TP_S_B1_RB_27
3196,TP,B1,RB,28,TP_S_B1_RB_28
3197,TP,B1,RB,29,TP_S_B1_RB_29
3198,TP,B1,RB,30,TP_S_B1_RB_30
3199,TP,B1,RB,31,TP_S_B1_RB_31
3200,TP,B1,RB,32,TP_S_B1_RB_32
3201,TP,B1,RB,33,TP_S_B1_RB_33
3202,TP,B1,RB,34,TP_S_B1_RB_34
3203,TP,B1,RB,35,TP_S_B1_RB_35
3204,TP,B1,RB,36,TP_S_B1_RB_36
3205,TP,B1,RB,37,TP_S_B1_RB_37
3206,TP,B1,RB,38,TP_S_B1_RB_38
3207,TP,B1,RB,39,TP_S_B1_RB_39
3208,TP,B1,RB,40,TP_S_B1_RB_40
